value,customs_districts_label,location_chinese_trader,trader_zone,customs_regime,country_of_destination,country_of_consumption,location_chinese_producer,producer_zone,transportation_modes,china_hs8,quantity_unit,quantity
535000,,Other,Others,Ordinary trade,UnitedStates,UnitedStates,Luoyang,Others,,84145930,Number of item/Set,32
640000,,Shangrao,Others,Ordinary trade,Japan,Japan,Fengtai,Others,,90221200,Number of item/Set,1
383454,,Xuanwu,Others,Ordinary trade,Belgium,Germany,Tanggu,Bonded Area,,84401020,Number of item/Set,1
1158620,,Baoji,Others,Ordinary trade,Australia,Australia,Changzhou,Others,,52010000,Kilogram,528188
18894,,Nanchang,Ecoomic & Technological Development Area,Ordinary trade,Australia,Australia,Qingpu,Others,,15091000,Kilogram,1606
755000,,Shantou,Special Economic Zone,Ordinary trade,Germany,Germany,Chengdu,Others,,90221200,Number of item/Set,1
1001830,,Dalian,Others,Ordinary trade,NewZealand,NewZealand,Jiading,Others,,4015000,Kilogram,305244
100000,,Ganzhou,Others,Ordinary trade,Taiwanprov.,Taiwanprov.,Suzhou,Others,,84592100,Number of item/Set,1
5249,,Other,Others,Ordinary trade,Macau,Portugal,4453,Special Economic Zone,,15100000,Kilogram,1296
174213,,Xuzhou,Others,Ordinary trade,UnitedStates,UnitedStates,Suqian,Others,,29319090,Kilogram,29036
2880,,Dongli,Others,Process with imported materials,Japan,Japan,Hedong,Others,,39039000,Kilogram,300
3491,,Zhabei,Others,Process with imported materials,Italy,Italy,Jiujiang,Others,,71171100,Kilogram,48
20256,,Other,Others,Ordinary trade,Japan,Japan,Langfang,Others,,29049090,Kilogram,10
20126,,Zhengzhou,Others,Ordinary trade,Belgium,France,Qingdao,Others,,22042100,Liter,1890
59060,,Huizhou,Others,Ordinary trade,UnitedStates,UnitedStates,Heyuan,Others,,85414020,Number of item/Set,60200
2556,,Dadukou,Others,39,UnitedKingdom,UnitedKingdom,Jiangbei,Ecoomic & Technological Development Area,,61033900,Number of item/Set,8
288,,Huzhou,Others,Ordinary trade,Germany,Germany,Dongcheng,Others,,83100000,Kilogram,20
20554550,,Zhengzhou,Others,Ordinary trade,Netherlands,Germany,Xi'an,Hi-Technology Industry Development Area,,85042313,Number of item/Set,2
16791,,Changsha,Others,Ordinary trade,Ukraine,Ukraine,Daxing,Ecoomic & Technological Development Area,,15121900,Kilogram,9340
160,,Wuhan,Others,Ordinary trade,Belgium,Belgium,Jiading,Others,,20041000,Kilogram,10
1271,,Haidion,Others,Ordinary trade,Singapore,UnitedStates,Zhabei,Others,,85423100,Number of item/Set,510
55607,,Jiading,Others,Ordinary trade,357,357,Nanhui,Others,,3021410,Kilogram,6815
3789,,Suzhou,Others,Process with imported materials,HongKong,Germany,Taicang,Others,,32041200,Kilogram,60
30612,,Shenzhen,Special Economic Zone,Process & assembling,HongKong,Germany,Qingyuan,Others,,28429020,Kilogram,743
322762,,Dongguan,Others,Ordinary trade,Vietnam,Vietnam,Beihai,Others,,11081400,Kilogram,720000
5000,,Changshu,Others,Ordinary trade,Taiwanprov.,Taiwanprov.,Luwan,Others,,73262090,Kilogram,23
500698,,Shenyang,Others,Ordinary trade,Taiwanprov.,Taiwanprov.,Hengshui,Others,,84772090,Number of item/Set,1
35266,,Shaoxing,Others,Ordinary trade,Taiwanprov.,Taiwanprov.,Dongguan,Others,,54024510,Kilogram,9728
137917,,Kunming,Others,Ordinary trade,Argentina,Argentina,Zhanjiang,Others,,26030000,Kilogram,187081
2922,,Huangpu,Others,Ordinary trade,KoreaRep,KoreaRep,Haikou,Special Economic Zone,,85369000,Kilogram,117
1332,,Baoshan,Others,Ordinary trade,UnitedStates,UnitedStates,Hangu,Others,,32131000,Kilogram,98
354739,,Xiqing,Others,Ordinary trade,Italy,Italy,Chaoyang,Others,,12099100,Kilogram,201992
5532554,,5126,Others,Ordinary trade,UnitedKingdom,UnitedKingdom,Xicheng,Others,,84602190,Number of item/Set,1
23978,,Guangzhou,Others,Ordinary trade,Turkey,Turkey,Huzhou,Others,,52094100,Meter,3082
5782836,,Chaozhou,Others,Ordinary trade,Indonesia,Indonesia,Xiaoshen,Others,,27021000,Kilogram,116100000
13500,,Other,Others,Ordinary trade,KoreaRep,KoreaRep,Changning,Others,,84198990,Number of item/Set,1
782,,Yangzhou,Others,Ordinary trade,KoreaRep,KoreaRep,Quzhou,Others,,73071900,Kilogram,90
5018,,Other,Others,Ordinary trade,Italy,Italy,Nanjin,Others,,5119990,Kilogram,23894
54524,,Hebei,Others,Ordinary trade,France,France,Hedong,Others,,22042100,Liter,14148
4418175,,Zhoushan,Others,Ordinary trade,Australia,Australia,Guangzhou,Others,,27011290,Kilogram,46015000
60935,,Zhuhai,Special Economic Zone,Border trade,Vietnam,Vietnam,Ruili County,Others,,94016900,Number of item/Set,700
4680,,Cixi,Others,Ordinary trade,Malaysia,Malaysia,Qingpu,Others,,39019020,Kilogram,2000
127758,,Zhangzhou,Others,Ordinary trade,Ukraine,Ukraine,3117,Others,,44032010,Cubic meter,980
168203,,Fengtai,Others,Ordinary trade,Germany,Germany,Fengtai,Others,,1012900,Kilogram,2400
3175524,,Taizhou,Others,Process with imported materials,Taiwanprov.,Taiwanprov.,Huangyan,Others,,3034300,Kilogram,1605236
536138,,Xuhui,Others,Ordinary trade,Turkey,Turkey,Taizhou,Others,,25151100,Kilogram,2050760
861638,,4512,Others,Ordinary trade,Taiwanprov.,Taiwanprov.,Yueyang,Others,,27131190,Kilogram,6834540
24187,,Fuzhou,Others,Ordinary trade,UnitedStates,UnitedStates,Nanhui,Others,,28183000,Kilogram,1900
10194,,Wujiang,Others,Ordinary trade,France,France,Changning,Others,,22042100,Liter,450
4538,,Qinhuangdao,Others,39,KoreaRep,KoreaRep,Hexi,Others,,84829900,Kilogram,170
29784,,Xiamen,Special Economic Zone,Ordinary trade,Taiwanprov.,Taiwanprov.,Huzhou,Others,,33021090,Kilogram,2514
31177,,Xi'an,Others,Ordinary trade,France,France,Guangzhou,Others,,22042100,Liter,10350
45427,,Panyu,Others,Ordinary trade,NewZealand,NewZealand,Jiading,Others,,4051000,Kilogram,5824
81181,,Baodi,Others,Ordinary trade,Indonesia,Indonesia,Baodi,Others,,3011100,Kilogram,4643
17776,,Hechuan,Others,Ordinary trade,NewZealand,NewZealand,Yubei,Ecoomic & Technological Development Area,,25301020,Kilogram,51000
35093,,5127,Others,Ordinary trade,HongKong,Japan,Haidion,Hi-Technology Industry Development Area,,90272011,Number of item/Set,1
1230,,Hangzhou,Others,Ordinary trade,Australia,Australia,Danyang,Others,,44129910,Cubic meter,0
2134961,,Shenzhen,Special Economic Zone,Ordinary trade,UnitedStates,UnitedStates,Huaiyin,Others,,2071411,Kilogram,2011520
490,,Changpin,Others,39,Netherlands,Netherlands,Xuanwu,Others,,30012000,Kilogram,0
58258,,Zhangzhou,Others,Ordinary trade,Chile,Chile,Dalian,Others,,44071030,Cubic meter,235
49300,,Yangpu,Others,Ordinary trade,Thailand,Thailand,Shijiazhuang,Others,,87042100,Number of item/Set,2
9771,,Daqing,Hi-Technology Industry Development Area,Ordinary trade,Gambia,Gambia,Suifenhe,Others,,27101922,Kilogram,15764
347246,,Shenzhen,Special Economic Zone,Ordinary trade,Australia,Australia,Anyang,Others,,10019900,Kilogram,983110
50167,,Harbin,Others,Ordinary trade,Taiwanprov.,Taiwanprov.,Huizhou,Others,,85142000,Number of item/Set,1
802898,,Erenhot,Others,Ordinary trade,Russia,Russia,3752,Others,,44032010,Cubic meter,5915
3462372,,Shenzhen,Special Economic Zone,Ordinary trade,Indonesia,Indonesia,Zhoushan,Others,,27011290,Kilogram,33362000
3312,,Wujiang,Others,Process with imported materials,HongKong,China,Changzhou,Others,,85044099,Number of item/Set,1200
24,,Chuxian,Others,39,Kenya,Kenya,Changning,Others,,31053000,Kilogram,2
71037,,Zhangjiagang,Others,Ordinary trade,Cameroon,Cameroon,Xuzhou,Others,,44034990,Cubic meter,151
2945,,Dehong,Others,Border trade,Myanmar,Myanmar,Ruili County,Others,,5080010,Kilogram,12350
55763,,Other,Others,Ordinary trade,Australia,Australia,Xuanwu,Others,,2044100,Kilogram,15490
3254269,,Rizhao,Others,Ordinary trade,Malaysia,Malaysia,Tangshan,Others,,26011190,Kilogram,33739530
142,,3117,Others,Ordinary trade,Germany,Japan,Kunshan,Others,,40169310,Kilogram,3
584927,,Zibo,Others,Ordinary trade,UnitedKingdom,UnitedKingdom,Luwan,Others,,41044100,Kilogram,23000
9829,,Other,Others,Ordinary trade,Pakistan,Taiwanprov.,Chaoyang,Others,,25151100,Kilogram,49000
87008,,Handan,Others,Process & assembling,Belgium,Belgium,Hengshui,Others,,43018010,Kilogram,13000
169786,,Quanzhou,Others,Ordinary trade,Iran,Iran,Xuzhou,Others,,25151200,Kilogram,625437
24886,,Fangshan,Others,Ordinary trade,Germany,China,Huairou,Others,,63049390,Kilogram,290
869172,,Putuo,Others,Ordinary trade,UnitedStates,UnitedStates,Zhangjiagang,Bonded Area,,29291090,Kilogram,105336
187831,,Xiamen,Special Economic Zone,Ordinary trade,Netherlands,Netherlands,Daxing,Others,,6011021,Number of item/Set,419875
72668,,Dalian,Others,Ordinary trade,Denmark,Denmark,Suzhou,Others,,38119000,Kilogram,25058
280000,,Changpin,Others,Ordinary trade,UnitedStates,UnitedStates,Hefei,Hi-Technology Industry Development Area,,90221400,Number of item/Set,1
52005,,Jiangyin,Others,Ordinary trade,Belgium,Belgium,Wuhan,Others,,39021000,Kilogram,24750
2354,,Longyian,Others,Ordinary trade,KoreaRep,KoreaRep,Wenzhou,Others,,84289090,Number of item/Set,1
11304,,Jingmen,Others,Process with imported materials,HongKong,Germany,Jingzhou,Others,,40161010,Kilogram,274
26391,,Dongguan,Others,Ordinary trade,Ukraine,Ukraine,3117,Others,,44039980,Cubic meter,103
271654,,Suqian,Others,Ordinary trade,Uruguay,Uruguay,Huimin,Others,,41015019,Kilogram,189940
13408,,Yiwu,Others,Process with imported materials,Germany,Germany,Qingdao,Others,,48211000,Kilogram,470
3360568,,Suifenhe,Others,Border trade,Russia,Russia,Fujin,Others,,44071020,Cubic meter,23544
1800,,Nanning,Others,Ordinary trade,Thailand,Thailand,Pingxiang,Others,,8045020,Kilogram,70
8204,,Ruili County,Others,Border trade,Myanmar,Myanmar,Kunming,Others,,12119050,Kilogram,26000
7479,,Yangzhou,Others,Ordinary trade,UnitedStates,UnitedStates,3117,Others,,39199090,Kilogram,77
150689,,Guangzhou,Others,Ordinary trade,France,France,Shenyang,Others,,22042100,Liter,36115
46080,,Jinzhou,Others,Ordinary trade,Japan,Japan,Pudong,Bonded Area,,29212900,Kilogram,16000
51,,Xuhui,Others,39,France,France,Huangyan,Others,,39241000,Kilogram,1
9275,,Dezhou,Others,Ordinary trade,Denmark,Denmark,Other,Others,,39253000,Kilogram,464
969813,,Baoshan,Others,Process with imported materials,India,India,Xiangxi,Others,,52010000,Kilogram,499891
2747523,,Yangzhou,Others,Ordinary trade,Indonesia,Indonesia,Xuzhou,Others,,26040000,Kilogram,24612735
2485268,,Dandong,Others,Ordinary trade,Russia,Russia,Qingdao,Others,,27011100,Kilogram,18002000
50923,,Other,Others,Ordinary trade,Sweden,Sweden,Jinhua,Others,,72230000,Kilogram,1515
1142,,Qiqihar,Others,Ordinary trade,Italy,Italy,4453,Special Economic Zone,,84559000,Kilogram,100
97667,,Dongcheng,Others,Ordinary trade,Spain,Spain,Fuzhou,Others,,22030000,Liter,119875
1132055,,Zhongshan,Others,Ordinary trade,UnitedStates,UnitedStates,Xuhui,Others,,4062000,Kilogram,100261
421260,,Jingan,Others,Ordinary trade,KoreaRep,KoreaRep,Guangzhou,Others,,29173500,Kilogram,300000
1762454,,Rizhao,Others,Ordinary trade,Indonesia,Indonesia,Hepin,Others,,26011120,Kilogram,21513015
7908233,,Shaoxing,Others,Ordinary trade,Malaysia,Malaysia,Other,6,,29024300,Kilogram,5235507
18,,Xiamen,Special Economic Zone,Ordinary trade,Taiwanprov.,Taiwanprov.,Nan’an,Others,,17049000,Kilogram,7
15594,,Other,Others,Ordinary trade,Japan,Japan,3118,Others,,55032000,Kilogram,2500
1511,,Zhuji,Others,Ordinary trade,KoreaRep,KoreaRep,Hefei,Others,,55092100,Kilogram,378
320000,,Jingdezhen,Others,Ordinary trade,Taiwanprov.,Taiwanprov.,Nanjing,Others,,84571010,Number of item/Set,3
239348,,Jincheng,Others,Ordinary trade,Indonesia,Indonesia,Quanzhou,Others,,15162000,Kilogram,260160
1001758,,Xuanwu,Others,Ordinary trade,Russia,Russia,Suifenhe,Others,,27011900,Kilogram,15411500
420,,Daxing,Ecoomic & Technological Development Area,Ordinary trade,Singapore,UnitedStates,Jingan,Others,,28530090,Kilogram,13
2986,,Wuqing,Others,Ordinary trade,Israel,Israel,Luwan,Others,,84669400,Kilogram,7
2051822,,Zhangzhou,Others,Ordinary trade,Thailand,Thailand,Daxing,Ecoomic & Technological Development Area,,17011400,Kilogram,4578000
21220,,Jingzhou,Others,Ordinary trade,UnitedStates,UnitedStates,Dongcheng,Others,,90278099,Number of item/Set,1
108807,,Jiangmen,Others,Ordinary trade,Taiwanprov.,Taiwanprov.,Minhang,Others,,84361000,Number of item/Set,2
10078,,Dongcheng,Others,Ordinary trade,UnitedStates,UnitedStates,Jiaxing,Others,,44039100,Cubic meter,17
2521301,,Other,Others,Ordinary trade,Indonesia,Indonesia,Hangzhou,Others,,38231100,Kilogram,2860000
1046,,Jiaxing,Others,39,UnitedKingdom,UnitedKingdom,Nantong,Others,,48211000,Kilogram,520
330,,Suifenhe,Others,Ordinary trade,Denmark,Denmark,Haidion,Others,,39205100,Kilogram,2
399192,,Shenzhen,Special Economic Zone,Ordinary trade,Australia,Australia,Nantong,Others,,10011900,Kilogram,1035950
18307632,,Zhangjiagang,Others,Ordinary trade,UnitedArabEmirates,UnitedArabEmirates,Ningbo,Ecoomic & Technological Development Area,,15141100,Kilogram,14892997
4139,,Zhuhai,Special Economic Zone,Ordinary trade,Macau,Germany,Shapingba,Others,,91059900,Number of item/Set,1
37462,,Shenzhen,Special Economic Zone,Ordinary trade,France,France,Shijingshan,Others,,84733090,Kilogram,25
512425,,Jiangyin,Others,Ordinary trade,Philippines,Philippines,Zhuhai,Special Economic Zone,,26011110,Kilogram,5704000
27,,Other,Others,Ordinary trade,Netherlands,Ethiopia,Mentougou,Others,,6031100,Kilogram,3
2010,,Shenyang,Others,39,KoreaRep,KoreaRep,Aletai,Others,,49111010,Kilogram,1670
6422981,,3117,Others,Ordinary trade,UnitedStates,UnitedStates,Fengtai,Others,,36010000,Kilogram,260801
31137,,Jinxi,Others,Ordinary trade,Belgium,Germany,3119,Others,,44079200,Cubic meter,71
371110,,Wenzhou,Others,Ordinary trade,Vietnam,Vietnam,Hefei,Others,,10064010,Kilogram,1000000
2069526,,Akesu,Others,Ordinary trade,Australia,Australia,Nanyang,Others,,52010000,Kilogram,936390
54613,,Liaoyang,Others,Ordinary trade,Pakistan,Pakistan,Xiamen,Special Economic Zone,,52051200,Kilogram,18144
6455468,,Jiangmen,Others,Ordinary trade,UnitedStates,UnitedStates,Chaoyang,Others,,10019900,Kilogram,20000000
1705168,,Chongde,Others,Ordinary trade,Australia,Australia,Xiamen,Special Economic Zone,,26140000,Kilogram,9964399
31673,,Haikou,Special Economic Zone,Ordinary trade,Canada,Canada,Nanjing,Others,,44071090,Cubic meter,133
6834496,,Rizhao,Others,Ordinary trade,Iran,Iran,Guangzhou,Others,,26011120,Kilogram,54097398
12215,,Other,Others,Ordinary trade,Italy,Italy,Hedong,Others,,22019010,Kilolitre,40
464371,,Hohhot,Others,Ordinary trade,Germany,Germany,Jiaozhuo,Others,,84798200,Number of item/Set,2
72240,,Zhuji,Others,Ordinary trade,HongKong,Italy,Wuhan,Others,,84471100,Number of item/Set,56
454141,,Jiangbei,Ecoomic & Technological Development Area,Ordinary trade,Malaysia,Malaysia,Shenzhen,Special Economic Zone,,14049090,Kilogram,2153830
21188,,Changchun,Others,Ordinary trade,Netherlands,Germany,5128,Others,,84212110,Number of item/Set,2200
375289,,Tongnan,Others,Ordinary trade,Italy,Italy,3119,Others,,84193200,Number of item/Set,1
89,,Fuzhou,Others,Ordinary trade,HongKong,China,Wuxi,Hi-Technology Industry Development Area,,39241000,Kilogram,3
56734,,Xicheng,Others,Ordinary trade,Germany,Germany,Hebi,Others,,32041990,Kilogram,1639
498461,,Yichun,Others,Process & assembling,Russia,Russia,Tieli,Others,,44079100,Cubic meter,1086
93,,Other,Others,Ordinary trade,Japan,Japan,4512,Others,,39172100,Kilogram,2
16030,,3118,Others,Ordinary trade,UnitedStates,UnitedStates,Huangpu,Others,,2071429,Kilogram,25855
703244,,Qingdao,Others,Ordinary trade,UnitedStates,UnitedStates,Wenzhou,Ecoomic & Technological Development Area,,23033000,Kilogram,2083211
1465,,Kaifeng,Others,Ordinary trade,Japan,Japan,Guangzhou,Others,,34039900,Kilogram,60
833223,,Bijie,Others,Ordinary trade,Germany,Germany,Kunming,Ecoomic & Technological Development Area,,90181310,Number of item/Set,1
762190,,Jiuquan,Others,Ordinary trade,UnitedStates,UnitedStates,Changpin,Others,,12092500,Kilogram,498960
399,,Kunshan,Others,Ordinary trade,Taiwanprov.,Taiwanprov.,Jiaxing,Others,,39173900,Kilogram,6
10196,,Zhabei,Others,Ordinary trade,Australia,Australia,Baoshan,Others,,22042100,Liter,2016
152,,Yancheng,Others,39,KoreaRep,KoreaRep,5126,Others,,39173900,Kilogram,10
65280,,Fuzhou,Others,Ordinary trade,Spain,Spain,Chaoyang,Others,,3033110,Kilogram,27361
35589,,Chongde,Others,Ordinary trade,Indonesia,Indonesia,Pudong,Ecoomic & Technological Development Area,,44029000,Kilogram,78850
1164690,,Kunshan,Others,Ordinary trade,Romania,Romania,Fengtai,Others,,84195000,Number of item/Set,2
184500,,Beichen,Others,Ordinary trade,Taiwanprov.,Taiwanprov.,Shenyang,Others,,84581100,Number of item/Set,3
4756,,Xiaoshen,Others,Ordinary trade,India,India,Huangyan,Others,,39061000,Kilogram,1600
27552,,Other,Others,Ordinary trade,Australia,Australia,Tanggu,Ecoomic & Technological Development Area,,22042100,Liter,3456
111170,,Xicheng,Others,Ordinary trade,Gabon,Gabon,3356,Others,,44072990,Cubic meter,239
53926,,Lishui,Others,Ordinary trade,Mexico,Mexico,Dongguan,Others,,25151100,Kilogram,105420
1608458,,Other,Others,Ordinary trade,Peru,Peru,Suifenhe,Others,,23012010,Kilogram,1005800
20000,,Other,Others,Ordinary trade,UnitedStates,UnitedStates,Jingmen,Others,,73269010,Kilogram,2863
10943,,Jiaxing,Others,Ordinary trade,Malaysia,India,Hefei,Hi-Technology Industry Development Area,,6039000,Kilogram,476
583,,Xi'an,Others,Ordinary trade,KoreaRep,KoreaRep,Wujiang,Others,,39235000,Kilogram,44
455,,Huangpu,Others,Ordinary trade,NewZealand,NewZealand,Jingan,Others,,4021000,Kilogram,25
37948,,Bayannaoer,Others,Ordinary trade,Mongolia,Mongolia,Hohhot,Others,,27011210,Kilogram,480350
1354,,Jinan,Others,39,UnitedStates,UnitedStates,3117,Others,,39269010,Kilogram,125
4723,,Rongchen,Others,Process with imported materials,Netherlands,Netherlands,Jinan,Others,,73079100,Kilogram,7
6500,,Baodi,Others,Ordinary trade,Taiwanprov.,Taiwanprov.,4453,Special Economic Zone,,85044013,Number of item/Set,350
165883,,Xuhui,Others,Ordinary trade,Ukraine,Ukraine,Qingdao,Others,,15121100,Kilogram,172200
2596,,Yiwu,Others,Ordinary trade,Thailand,Thailand,3352,Others,,20059999,Kilogram,126
27719,,Pudong,Ecoomic & Technological Development Area,Ordinary trade,France,France,Luwan,Others,,2064900,Kilogram,24530
187220,,Zhangjiagang,Others,Ordinary trade,Japan,Japan,Dongli,Others,,34031100,Kilogram,64430
36075,,Minhang,Others,Ordinary trade,UnitedKingdom,UnitedKingdom,Fangshan,Others,,38119000,Kilogram,179
106862,,Other,Others,Ordinary trade,Malaysia,Malaysia,Panyu,Others,,14049090,Kilogram,518003
1029588,,Zhabei,Others,Ordinary trade,UnitedStates,UnitedStates,Xiamen,Special Economic Zone,,4021000,Kilogram,248550
1800,,Zhongshan,Others,Ordinary trade,UnitedStates,UnitedStates,Chuxian,Others,,39233000,Kilogram,255
375000,,Jinan,Others,Ordinary trade,Germany,Germany,Dongying,Others,,90241090,Number of item/Set,1
6159037,,Shantou,Special Economic Zone,Ordinary trade,Indonesia,Indonesia,Pingxiang,Others,,27011900,Kilogram,84048000
143442,,2218,Others,Process & assembling,KoreaRep,KoreaRep,2218,Others,,3036700,Kilogram,116745
7472096,,Xiamen,Special Economic Zone,Ordinary trade,Indonesia,Indonesia,Kunming,Others,,15119010,Kilogram,9498462
151,,Pudong,Ecoomic & Technological Development Area,Ordinary trade,Japan,Japan,Nan’an,Others,,25262020,Kilogram,100
18280,,Handan,Others,Ordinary trade,Japan,Japan,3118,Others,,68159931,Kilogram,260
15878,,Huangshan,Others,Ordinary trade,KoreaRep,KoreaRep,Hangzhou,Others,,32121000,Kilogram,780
19843,,Liaochen,Others,Ordinary trade,KoreaRep,KoreaRep,Pudong,Ecoomic & Technological Development Area,,32082010,Kilogram,7200
88318,,Yingkou,Others,Ordinary trade,Philippines,Philippines,Dezhou,Others,,26100000,Kilogram,366892
893,,Haidion,Others,Ordinary trade,UnitedKingdom,UnitedKingdom,pingu,Others,,32141090,Kilogram,100
21378,,Other,Others,Ordinary trade,Taiwanprov.,Taiwanprov.,Wujiang,Others,,84283910,Number of item/Set,2
53970,,Shiyan,Others,Ordinary trade,Cameroon,Cameroon,Changzhou,Others,,52010000,Kilogram,24980
90938591,,Jiayuguan,Others,Ordinary trade,Kazakhstan,Kazakhstan,Jiayuguan,Others,,26011110,Kilogram,928600000
505108,,Xiamen,Special Economic Zone,Ordinary trade,Thailand,Thailand,Other,Others,,11029011,Kilogram,432000
2049421,,Jiangyin,Others,Ordinary trade,Malaysia,Malaysia,Tangshan,Others,,26011120,Kilogram,18273930
1578,,Pudong,Ecoomic & Technological Development Area,Ordinary trade,Italy,Italy,Heihe,Others,,39262090,Kilogram,6
370750,,Xuhui,Others,Ordinary trade,KoreaRep,KoreaRep,Cixi,Others,,34049000,Kilogram,110000
43711813,,Other,Others,Ordinary trade,Netherlands,Netherlands,Guiyang,Others,,27075000,Kilogram,41703596
82666,,Bangbu,Others,Ordinary trade,Singapore,Singapore,Nanjing,Others,,39019020,Kilogram,49500
429331,,Other,Others,Ordinary trade,UnitedStates,UnitedStates,Huzhou,Others,,21069090,Kilogram,5160
59654,,Dandong,Others,Ordinary trade,KoreaRep,KoreaRep,Pudong,Bonded Area,,39181090,Kilogram,22944
102000,,Huangpu,Others,Ordinary trade,Taiwanprov.,Taiwanprov.,4451,Others,,29151300,Kilogram,12000
24,,Changpin,Others,39,Japan,Japan,Weifang,Others,,39232900,Kilogram,1
3164,,Langfang,Others,39,KoreaRep,India,Xuanwu,Others,,72285000,Kilogram,1253
29264,,3118,Others,Ordinary trade,UnitedStates,UnitedStates,Taicang,Others,,39209990,Kilogram,1006
1150000,,Xiaoshen,Others,Ordinary trade,Japan,Japan,Haidion,Others,,84136021,Number of item/Set,8
1137,,Jingan,Others,Ordinary trade,Germany,Poland,Zhuhai,Others,,44201090,Kilogram,14
413653,,Other,Others,Ordinary trade,UnitedStates,UnitedStates,Zhengzhou,Others,,41015019,Kilogram,132860
1140,,Yangzhou,Others,Process & assembling,Japan,Japan,Changning,Others,,39211100,Kilogram,92
2215,,Other,Others,Ordinary trade,Germany,Germany,Guangzhou,Others,,22041000,Liter,153
917,,Dalian,Others,Ordinary trade,UnitedStates,UnitedStates,Gongzhuling,Others,,63079000,Kilogram,2
42312,,Taizhou,Others,Ordinary trade,Germany,Malta,Jiaxing,Others,,85168000,Number of item/Set,95
643200,,Shaoguan,Others,Ordinary trade,Japan,Japan,Nanjing,Others,,84454010,Number of item/Set,4
52295,,Changning,Others,Ordinary trade,Germany,Germany,Fengtai,Others,,4012000,Kilogram,106873
596581,,Other,Others,Ordinary trade,Thailand,Thailand,Hongqiao,Others,,10063010,Kilogram,534000
45,,Taizhou,Others,39,Japan,Japan,Nantong,Ecoomic & Technological Development Area,,84099199,Kilogram,1
55157,,Xiaoshen,Others,Ordinary trade,Thailand,Thailand,Yichung,Others,,39159010,Kilogram,52373
8289,,Jiangyin,Others,Ordinary trade,Japan,Japan,Yangzhou,Others,,70109020,Kilogram,2525
21545,,Shenzhen,Special Economic Zone,Ordinary trade,KoreaRep,KoreaRep,Nanhai,Others,,19041000,Kilogram,1671
7238955,,Jiaxing,Others,Ordinary trade,Japan,Japan,Zhoushan,Others,,29024300,Kilogram,5004177
23775,,Hangzhou,Others,Ordinary trade,Thailand,Thailand,Xishuangbanna,Others,,27101991,Kilogram,11926
97350,,Chaoyang,Others,Ordinary trade,Brazil,Brazil,Nanjing,Others,,2071422,Kilogram,52995
223,,Xuzhou,Others,Ordinary trade,Malaysia,Malaysia,3352,Others,,26011120,Kilogram,2230
5825506,,Taizhou,Others,Ordinary trade,Russia,Russia,Zhabei,Others,,27011210,Kilogram,39844000
1452,,Shunyi,Others,39,Japan,Japan,Minhang,Others,,39269010,Kilogram,30
29,,Shunyi,Others,Process & assembling,Japan,Japan,Changzhou,Others,,39232100,Kilogram,2
320760,,Dujiangyan,Others,Ordinary trade,Singapore,Singapore,Baoding,Others,,39012000,Kilogram,198000
1255470,,Linfen,Others,Ordinary trade,UnitedStates,UnitedStates,Nantong,Others,,10019900,Kilogram,4044285
80867,,Lingling,Others,Process with imported materials,Thailand,Thailand,Suxian,Others,,17019910,Kilogram,125000
1559,,Other,Others,Ordinary trade,France,Italy,Mishan,Others,,83100000,Kilogram,47
2100,,Harbin,Others,Ordinary trade,India,India,Nanjing,Others,,25309099,Kilogram,1050
45,,Zhangjiagang,Others,Ordinary trade,Poland,Poland,Nanpin,Others,,39269090,Kilogram,12
3631219,,Sipin,Others,Ordinary trade,Japan,Japan,Tanggu,Bonded Area,,39151000,Kilogram,4787385
404997,,Jiaxing,Others,Ordinary trade,HongKong,Germany,4451,Others,,84431313,Number of item/Set,1
2850145,,Fuxin,Others,Ordinary trade,Australia,Australia,Xiamen,Special Economic Zone,,26140000,Kilogram,10000510
3225,,Yushu,Others,Ordinary trade,Norway,Norway,Xicheng,Others,,40169310,Kilogram,1
148996,,Other,Others,Ordinary trade,India,India,Taicang,Others,,15153000,Kilogram,109960
139620,,Zhengzhou,Others,Ordinary trade,Switzerland,Switzerland,Yantai,Ecoomic & Technological Development Area,,90278099,Number of item/Set,1
11154,,Putuo,Others,Ordinary trade,UnitedStates,UnitedStates,Xinghua,Others,,40051000,Kilogram,309
1518000,,Jiujiang,Others,Ordinary trade,KoreaRep,KoreaRep,Changzhou,Others,,27132000,Kilogram,2300000
148638,,Wuhan,Others,Ordinary trade,Bangladesh,Bangladesh,4453,Special Economic Zone,,12074090,Kilogram,182000
451,,Other,Others,Ordinary trade,UnitedKingdom,UnitedKingdom,Longkou,Others,,39231000,Kilogram,24
59,,Xuanwu,Others,Ordinary trade,Finland,Finland,Huairou,Others,,59119000,Kilogram,1
788,,Jinhua,Others,39,HongKong,China,Luwan,Others,,42022100,Kilogram,1
104700000,,3119,Others,Ordinary trade,Iran,Iran,Zhuhai,Special Economic Zone,,27090000,Kilogram,131500000
54964,,Jiulongpo,Others,Ordinary trade,Belgium,Belgium,Changchun,Others,,59069100,Kilogram,2589
1232059,,Putian,Others,Ordinary trade,Vietnam,Vietnam,Dezhou,Others,,27011100,Kilogram,15913120
79579,,Xianning,Others,Ordinary trade,India,India,Dongguan,Others,,52051200,Kilogram,40915
10948,,Other,Others,Ordinary trade,Germany,Germany,Jiyuan,Others,,73181510,Kilogram,42
1341300,,Tangshan,Others,Ordinary trade,"Korea,DPR","Korea,DPR",Hangzhou,Others,,26011110,Kilogram,13778872
10883,,Luwan,Others,Ordinary trade,Germany,Germany,Taicang,Others,,85044091,Number of item/Set,1
820000,,Kunming,Others,Ordinary trade,S.Africa,S.Africa,Weihai,Others,,1061910,Kilogram,16000
504700,,Nanjing,Others,Ordinary trade,Kampuchea,Kampuchea,Panyu,Others,,10063010,Kilogram,500000
308729,,Other,Others,Ordinary trade,Japan,Japan,Jiamusi,Others,,47032900,Kilogram,504600
347116,,Changpin,Others,Ordinary trade,Taiwanprov.,Taiwanprov.,Pudong,Ecoomic & Technological Development Area,,21069090,Kilogram,3730
15775,,Zhanjiang,Others,Ordinary trade,HongKong,KoreaRep,Hexi,Others,,74112200,Kilogram,1125
94902,,Quanzhou,Others,Ordinary trade,Bangladesh,Bangladesh,Laiwu,Others,,28211000,Kilogram,837000
59952,,Dalian,Others,Ordinary trade,UnitedStates,UnitedStates,Nanhui,Others,,27101992,Kilogram,12240
650,,Langfang,Others,Ordinary trade,Germany,Germany,Hepin,Others,,49111010,Kilogram,420
8851,,Langfang,Others,39,Japan,Japan,pingu,Others,,40169310,Kilogram,144
1318719,,Changpin,Others,Ordinary trade,UnitedStates,UnitedStates,Daxing,Others,,12149000,Kilogram,3298822
41,,Yiwu,Others,39,India,India,Baoshan,Others,,39262090,Kilogram,0
2956,,Yuzhong,Others,Ordinary trade,UnitedStates,UnitedStates,Yubei,Ecoomic & Technological Development Area,,13021990,Kilogram,345
1157683,,Zhenjiang,Others,Ordinary trade,Vietnam,Vietnam,Nanhai,Others,,26140000,Kilogram,5029720
901680,,Changsha,Others,Ordinary trade,KoreaRep,KoreaRep,Shenyang,Ecoomic & Technological Development Area,,39012000,Kilogram,588000
13392,,Bangbu,Others,Process with imported materials,KoreaRep,KoreaRep,Daxing,Ecoomic & Technological Development Area,,73044190,Kilogram,848
16665,,Weifang,Others,Ordinary trade,Belgium,Germany,Jiaxing,Others,,44039200,Cubic meter,66
310300000,,Dongying,Others,Ordinary trade,Oman,Oman,Fengtai,Others,,27090000,Kilogram,386700000
33153607,,Shenyang,Others,Ordinary trade,UnitedStates,UnitedStates,Rizhao,Others,,12019010,Kilogram,54395838
212503,,Other,Others,Ordinary trade,Cameroon,Cameroon,Changzhou,Others,,52010000,Kilogram,98358
973110,,Haicheng,Others,Ordinary trade,UnitedStates,UnitedStates,Fengtai,Others,,90181310,Number of item/Set,1
4750,,Nankai,Others,Ordinary trade,Taiwanprov.,Taiwanprov.,Miyun,Others,,84818021,Number of item/Set,208
683401,,3119,Others,Ordinary trade,NewZealand,NewZealand,Xiamen,Special Economic Zone,,4022100,Kilogram,197125
1640639,,Jinghai,Others,Process & assembling,Australia,Australia,Tanggu,Ecoomic & Technological Development Area,,5040012,Kilogram,628740
5831,,Huangpu,Others,Ordinary trade,Japan,Japan,Zhabei,Others,,28276000,Kilogram,40
15411222,,Handan,Others,Ordinary trade,India,India,Rizhao,Others,,26011120,Kilogram,144500000
320000,,Chenzhou,Export Processing Zone,Ordinary trade,Canada,Canada,Chaoyang,Others,,90221990,Number of item/Set,1
52159000,,Qingdao,Others,Warehousing trade,Iran,Iran,Wuqing,Others,,27101922,Kilogram,86000000
32568,,Wuhu,Others,Ordinary trade,Iran,Iran,Urumqi,Others,,57024200,Kilogram,23235
89234,,Tongxian,Others,Ordinary trade,S.Africa,S.Africa,Chaoyang,Others,,3062190,Kilogram,1910
24894772,,Shantou,Special Economic Zone,Ordinary trade,Indonesia,Indonesia,Xicheng,Others,,27011900,Kilogram,292000000
1299894,,Qingdao,Others,Ordinary trade,Venezuela,Venezuela,Laiwu,Others,,26011110,Kilogram,9841356
580808,,4606,Ecoomic & Technological Development Area,39,Netherlands,Netherlands,Maoming,Others,,84139100,Kilogram,20326
78281,,Sanya,Special Economic Zone,Ordinary trade,Germany,Germany,Nanjing,Others,,84021900,Number of item/Set,2
271,,Nanhai,Others,Ordinary trade,Germany,China,Chuxian,Others,,51061000,Kilogram,33
93012,,Shenyang,Others,Ordinary trade,Thailand,Thailand,Quanzhou,Others,,11081400,Kilogram,190000
32404,,Dalian,Others,Ordinary trade,Australia,Australia,Panyu,Others,,22042100,Liter,9536
1052130,,Nanhai,Others,Ordinary trade,KoreaRep,KoreaRep,Dongguan,Others,,29141100,Kilogram,991738
145950,,Qingdao,Ecoomic & Technological Development Area,Ordinary trade,Russia,Russia,Shenyang,Others,,25030000,Kilogram,1042501
40750,,Jiangmen,Others,Ordinary trade,Turkey,Turkey,Hefei,Others,,17025000,Kilogram,22250
5151,,4515,Others,Ordinary trade,France,France,Nanning,Others,,84812010,Number of item/Set,1
14500,,Nanjing,Others,Process with imported materials,Singapore,China,Kunming,Others,,39073000,Kilogram,770
102306,,Shunyi,Others,Ordinary trade,HongKong,HongKong,Qinhuangdao,Others,,85234920,Number of item/Set,4
10967751,,Yixing,Others,Ordinary trade,Philippines,Philippines,Rizhao,Others,,74031111,Kilogram,1489661
4620,,Huangpu,Others,Process & assembling,KoreaRep,KoreaRep,3752,Others,,54075200,Meter,3017
31999,,Xiamen,Special Economic Zone,Ordinary trade,UnitedStates,UnitedStates,Haidion,Others,,2071422,Kilogram,24999
82704,,Weifang,Others,Process with imported materials,Bulgaria,Bulgaria,Qingzhou,Others,,20019090,Kilogram,24360
1242364,,Changzhou,Others,Ordinary trade,Indonesia,Indonesia,3752,Others,,26011120,Kilogram,21152890
436976,,Baoshan,Others,Process with imported materials,UnitedKingdom,UnitedKingdom,Changzhou,Others,,7131090,Kilogram,462000
135540,,Xianyang,Others,Ordinary trade,Australia,Australia,Changzhou,Others,,52010000,Kilogram,58000
95760,,Qingdao,Ecoomic & Technological Development Area,Ordinary trade,Kazakhstan,Kazakhstan,Changzhi,Others,,25030000,Kilogram,598500
103,,Haidion,Others,Ordinary trade,Japan,Japan,Baoding,Others,,70193900,Kilogram,95
1204,,Suzhou,Others,Ordinary trade,UnitedStates,UnitedStates,3352,Others,,27101992,Kilogram,109
2590,,Shunyi,Others,39,Japan,Japan,Zhangzhou,Others,,33074900,Kilogram,92
37800,,Xiamen,Special Economic Zone,Ordinary trade,France,France,Qinzhou,6,,22042100,Liter,13500
66846,,Zhengzhou,Others,Ordinary trade,Netherlands,Germany,Ganzhou,Others,,28272000,Kilogram,36000
3000,,Kunshan,Others,Ordinary trade,Taiwanprov.,Taiwanprov.,Xuzhou,Others,,34059000,Kilogram,34
148634,,Pudong,Ecoomic & Technological Development Area,Ordinary trade,Canada,Canada,Haidion,Others,,2064900,Kilogram,98048
18,,Suzhou,Others,Ordinary trade,Singapore,Singapore,Luwan,Others,,39201090,Kilogram,20
112,,Zunyi,Others,39,Germany,Germany,4453,Special Economic Zone,,40151900,Kilogram,1
257000,,Fushen,Others,Ordinary trade,Russia,Russia,Tanggu,Ecoomic & Technological Development Area,,1061211,Kilogram,340
26662,,Zhabei,Others,Ordinary trade,Australia,Australia,Qingpu,Others,,15091000,Kilogram,2650
108168,,Other,Others,Ordinary trade,Thailand,Thailand,Kunshan,Others,,69101000,Kilogram,15994
1000,,Beipei,Others,39,Taiwanprov.,Taiwanprov.,Jiangbei,6,,49019900,Kilogram,13896
22657,,Hengshui,Others,Ordinary trade,Japan,Japan,Tanggu,Bonded Area,,39151000,Kilogram,32270
11588645,,Lianyungang,Others,Ordinary trade,Indonesia,Indonesia,Luwan,Others,,26040000,Kilogram,117300000
59800,,Suzhou,Others,Ordinary trade,Spain,Spain,Changzhou,Others,,29126000,Kilogram,80000
976351,,Other,Others,Ordinary trade,Australia,Australia,Wuhu,Others,,12072900,Kilogram,3024576
55904,,Tanggu,Others,Warehousing trade,Canada,Canada,Dandong,Others,,2032900,Kilogram,24500
71821,,Nanchang,Ecoomic & Technological Development Area,Ordinary trade,Lithuania,Lithuania,Taizhou,Others,,44032010,Cubic meter,534
5123196,,Maanshang,Others,Ordinary trade,Mozambique,S.Africa,Hangzhou,Others,,26011110,Kilogram,38638335
183963,,Fuzhou,Others,Ordinary trade,Mauritania,Mauritania,3512,8,,3038910,Kilogram,65504
193154,,Shenyang,Others,Ordinary trade,Australia,Australia,Dalian,Others,,2022000,Kilogram,66605
685149,,Shantou,Special Economic Zone,Ordinary trade,SaudiArabia,SaudiArabia,Fengtai,Others,,39021000,Kilogram,495000
6020,,Nanchang,Export Processing Zone,Ordinary trade,Taiwanprov.,Taiwanprov.,Ganzhou,Others,,84615000,Number of item/Set,1
267829,,Pudong,Ecoomic & Technological Development Area,Ordinary trade,Malaysia,Malaysia,Chuongming,Others,,18069000,Kilogram,28578
260780,,Fuzhou,Others,Ordinary trade,HongKong,Japan,Wenzhou,Others,,84452032,Number of item/Set,10
859408,,Meihekou,Others,Ordinary trade,Japan,Japan,Harbin,Others,,90314990,Number of item/Set,2
264290,,Haining,Others,Ordinary trade,Pakistan,Pakistan,Daxing,Ecoomic & Technological Development Area,,52051200,Kilogram,97524
304625,,Hunchun,Others,Process with imported materials,"Korea,DPR","Korea,DPR",Jilin,Hi-Technology Industry Development Area,,8029030,Kilogram,19440
329940,,Huanggang,Others,Ordinary trade,KoreaRep,KoreaRep,Minhang,Others,,39012000,Kilogram,216000
1558668,,Yancheng,Others,Ordinary trade,Iran,Iran,Xuzhou,Others,,27011900,Kilogram,21000086
2701182,,Taizhou,Others,Ordinary trade,Indonesia,Indonesia,Wuxi,Others,,15132100,Kilogram,2998000
803998,,Other,Special Economic Zone,Ordinary trade,Vietnam,Vietnam,4469,Others,,10063010,Kilogram,1950000
22888,,Quanzhou,Others,Ordinary trade,UnitedKingdom,France,Zhabei,Others,,22011010,Liter,22239
18615,,Taizhou,Others,Ordinary trade,UnitedStates,UnitedStates,Xicheng,Others,,25232900,Kilogram,2669
11165,,Yantai,Others,Ordinary trade,KoreaRep,KoreaRep,Wuqing,Others,,39074000,Kilogram,3500
88432,,Lanxi,Others,Ordinary trade,India,India,Tangshan,Others,,52051200,Kilogram,43137
80292,,Nanjing,Others,Ordinary trade,Japan,Japan,Taizhou,Others,,35069190,Kilogram,12240
28608,,Kunshan,Others,Ordinary trade,UnitedStates,UnitedStates,Zhenjiang,Others,,51011100,Kilogram,10109
250,,Yubei,Others,39,UnitedStates,UnitedStates,Zhangjiagang,Others,,39074000,Kilogram,25
1750504,,Yingkou,Others,Ordinary trade,Indonesia,Indonesia,Hangzhou,Others,,26011110,Kilogram,24312902
400595,,Lianyungang,Others,Ordinary trade,"Korea,DPR","Korea,DPR",Dandong,Others,,26169000,Kilogram,2662648
20283,,Tongjiang,Others,Ordinary trade,Russia,Russia,Pudong,Ecoomic & Technological Development Area,,44071020,Cubic meter,138
6,,3118,Others,Ordinary trade,Japan,Japan,Tangshan,Others,,73079200,Kilogram,0
9166573,,Linfen,Others,Ordinary trade,Australia,Australia,Lianyungang,Ecoomic & Technological Development Area,,26011120,Kilogram,65455529
9671,,Hepin,Others,Ordinary trade,France,France,Hexi,Others,,22042100,Liter,305
2492201,,Yancheng,Others,Ordinary trade,Russia,Russia,Hebei,Others,,44032020,Cubic meter,14927
52500,,Changzhou,Others,Ordinary trade,UnitedStates,UnitedStates,Changpin,Others,,83112000,Kilogram,2268
13942,,Huaiyin,Others,Ordinary trade,KoreaRep,KoreaRep,Qingdao,Ecoomic & Technological Development Area,,47079000,Kilogram,99290
98051,,Chaoyang,Others,Ordinary trade,Russia,Russia,Chaoyang,Others,,1012900,Kilogram,2700
61774,,Other,Others,Ordinary trade,Ireland,Ireland,Jinhua,Others,,48142000,Kilogram,6028
16155,,Other,Others,Ordinary trade,India,India,Quanzhou,Others,,52010000,Kilogram,8280
2763,,Shannan,Others,Ordinary trade,KoreaRep,KoreaRep,Shannan,Others,,30064000,Kilogram,197
481585,,Yuncheng,Others,Border trade,Russia,Russia,Manzhouli,Others,,31043000,Kilogram,1007500
312936,,Quanzhou,Others,Ordinary trade,Indonesia,Indonesia,Other,Special Economic Zone,,26151000,Kilogram,208000
19374,,Shaoxing,Others,Ordinary trade,Turkey,Turkey,Haining,Others,,43021990,Kilogram,126
20760,,Changchun,Others,Ordinary trade,Germany,Germany,Baoshan,Others,,40021190,Kilogram,16000
117974,,Other,Others,Ordinary trade,Canada,Canada,Nankai,Hi-Technology Industry Development Area,,38119000,Kilogram,28688
119737,,Yingtan,Others,Ordinary trade,UnitedStates,UnitedStates,3352,Others,,74020000,Kilogram,18389
1309775,,Zhangjiagang,Others,Warehousing trade,KoreaRep,KoreaRep,Zibo,Others,,27075000,Kilogram,1024202
275082,,Quzhou,Others,Ordinary trade,Italy,Italy,Daxing,Ecoomic & Technological Development Area,,84223090,Number of item/Set,1
943760,,Tangshan,Others,Ordinary trade,"Korea,DPR","Korea,DPR",Tumen,Others,,72031000,Kilogram,5020000
26513137,,Rizhao,Others,Ordinary trade,UnitedStates,UnitedStates,Chaoyang,Others,,10019900,Kilogram,82207970
640000,,Xishuangbanna,Others,Ordinary trade,Japan,Japan,Hefei,Hi-Technology Industry Development Area,,90221200,Number of item/Set,1
184,,Wuhan,Ecoomic & Technological Development Area,39,SloveniaRep,Poland,Shunyi,Others,,87089999,Kilogram,8
1141,,Kunshan,Others,39,Japan,Japan,Huangpu,Others,,27101991,Kilogram,180
18308,,Qianjiang,Others,Ordinary trade,Japan,Japan,Yuzhong,Others,,90112000,Number of item/Set,1
2387,,Luwan,Others,Ordinary trade,Germany,Sweden,Huimin,Others,,34029000,Kilogram,680
1082048,,Linyi,Others,Ordinary trade,KoreaRep,KoreaRep,Ningbo,Others,,29141100,Kilogram,987449
7640,,Other,Others,Ordinary trade,KoreaRep,KoreaRep,Dongguan,Others,,39241000,Kilogram,261
2455,,Yubei,Others,Ordinary trade,UnitedStates,UnitedStates,Hechuan,Others,,39219090,Kilogram,20
85036,,Jiaxing,Others,Ordinary trade,Myanmar,Myanmar,Kunming,Others,,44034910,Cubic meter,100
53939,,Wuhan,Others,Ordinary trade,HongKong,UnitedStates,Zhabei,Others,,21069090,Kilogram,1299
65121,,5126,Others,Ordinary trade,Germany,Germany,Chaoyang,Others,,84212990,Number of item/Set,1
2555,,Guangzhou,Others,Ordinary trade,Italy,Italy,Heihe,Others,,41071210,Kilogram,83
2553127,,Yangjiang,Others,Ordinary trade,Indonesia,Indonesia,Luwan,Others,,26040000,Kilogram,30491640
3280,,Jiangjin,Others,39,Japan,Japan,Chengdu,Others,,85119090,Kilogram,34
1419,,Tumen,Others,Ordinary trade,KoreaRep,KoreaRep,Changchun,Others,,25131000,Kilogram,900
169965,,Hongkou,Others,Ordinary trade,Romania,Romania,Jiangbei,Ecoomic & Technological Development Area,,44101100,Kilogram,601250
1397,,Shiyan,Others,Ordinary trade,UnitedStates,UnitedStates,Zhengzhou,Others,,90211000,Kilogram,8
4,,Xuhui,Others,Ordinary trade,Italy,Italy,Shishi,Others,,48211000,Kilogram,3
15515,,Nanjin,Others,Ordinary trade,Nigeria,Nigeria,Qinhuangdao,Others,,26070000,Kilogram,27500
2891,,Qinzhou,Others,Ordinary trade,Vietnam,Vietnam,Qinzhou,Others,,8134090,Kilogram,700
34225,,Harbin,Others,Ordinary trade,Italy,Italy,3352,Others,,84328090,Number of item/Set,5
46451,,Shantou,Special Economic Zone,Ordinary trade,Singapore,Singapore,Shunde,Others,,39011000,Kilogram,32000
2130700,,Rizhao,Others,Ordinary trade,Philippines,Philippines,Shunde,Others,,26040000,Kilogram,39363500
5,,Minhang,Others,39,Japan,Japan,Ezhou,Others,,39232900,Kilogram,1
3065990,,Changpin,Others,Ordinary trade,Singapore,UnitedStates,Hangzhou,Others,,90318090,Number of item/Set,3
2640050,,Jingmen,Others,Ordinary trade,India,India,Xicheng,Others,,52010000,Kilogram,1498128
2004250,,Xuanwu,Others,Ordinary trade,Belgium,France,Xilinguole,Others,,84748010,Number of item/Set,2
9171038,,Yulin,Others,Ordinary trade,PapuaNewGuinea,PapuaNewGuinea,Yuyao,Others,,75012010,Kilogram,8017342
1314472,,Xiamen,Special Economic Zone,Ordinary trade,UnitedStates,UnitedStates,Zhangzhou,Others,,4021000,Kilogram,382500
1844471,,Rizhao,Others,Ordinary trade,UnitedStates,UnitedStates,Nanjin,Others,,44032020,Cubic meter,9181
1550,,Erenhot,Others,Ordinary trade,Mongolia,Mongolia,Shenzhen,Special Economic Zone,,94060000,Kilogram,775
57184,,Tanggu,Others,Ordinary trade,UnitedStates,UnitedStates,Jilin,Others,,4041000,Kilogram,38250
670985,,Chengdu,Others,Ordinary trade,UnitedStates,UnitedStates,Nantong,Others,,10019900,Kilogram,2067672
294,,Haidion,Others,Ordinary trade,HongKong,China,Huizhou,Others,,61033300,Number of item/Set,7
382065,,Foshan,Others,Ordinary trade,Germany,Germany,Guangzhou,Others,,4012000,Kilogram,353931
736049,,Huimin,Others,Ordinary trade,Australia,Australia,Suzhou,Others,,52010000,Kilogram,359000
448149,,Dongcheng,Others,Border trade,Vietnam,Vietnam,Pingxiang,Others,,8039000,Kilogram,2304874
10275000,,Yancheng,Others,Process with imported materials,KoreaRep,KoreaRep,Jiading,Others,,29173990,Kilogram,6100000
9757,,Foshan,Others,Ordinary trade,HongKong,HongKong,Fuzhou,Others,,34031900,Kilogram,6800
91575,,3117,Others,Ordinary trade,Belgium,Germany,Taizhou,Others,,39012000,Kilogram,49500
34704,,Shenzhen,Special Economic Zone,Ordinary trade,Philippines,Philippines,Quanzhou,Others,,25151200,Kilogram,176420
381649,,Taicang,Others,Ordinary trade,Russia,Russia,Changchun,Others,,44032020,Cubic meter,2346
1915,,Xilinguole,Others,Ordinary trade,Japan,Japan,Hohhot,Others,,84798999,Number of item/Set,1
92000,,Dandong,Others,Warehousing trade,"Korea,DPR","Korea,DPR",Benxi,Others,,3055100,Kilogram,11500
799879,,Other,Others,Ordinary trade,UnitedStates,UnitedStates,Xicheng,Others,,1051110,Kilogram,2508
497388,,Jiangbei,Ecoomic & Technological Development Area,Ordinary trade,KoreaRep,KoreaRep,Fuzhou,Ecoomic & Technological Development Area,,39012000,Kilogram,342000
1732500,,Heze,Others,Ordinary trade,UnitedStates,UnitedStates,Liaochen,Others,,38159000,Kilogram,7500
158196,,Dongcheng,Others,Ordinary trade,Germany,Germany,Luohe,Others,,84224000,Number of item/Set,1
775900,,Jinan,Others,Ordinary trade,Pakistan,Pakistan,Hangzhou,Others,,26011110,Kilogram,7980395
16299,,Putian,Others,Ordinary trade,Indonesia,Indonesia,Shishi,Others,,12122171,Kilogram,25000
242,,Jiading,Others,Ordinary trade,Japan,Japan,Xiqing,Others,,56031110,Kilogram,26
1457150,,Qiandongnan,Others,Ordinary trade,S.Africa,S.Africa,Xuhui,Others,,26100000,Kilogram,9482948
838357,,Wafangdian,Others,Process with imported materials,France,France,Wafangdian,Others,,2032900,Kilogram,219682
43403714,,Tongling,Others,Ordinary trade,Thailand,"Laos,PDR",Tongling,Others,,26030000,Kilogram,19842476
2876,,Mishan,Others,Border trade,Russia,Russia,Mishan,Others,,3031900,Kilogram,639
74970,,Xiamen,Special Economic Zone,Ordinary trade,Turkey,Turkey,Changzhou,Others,,25151200,Kilogram,373730
21308,,Hangzhou,Others,Ordinary trade,UnitedStates,UnitedStates,Zhengzhou,Others,,40112000,Kilogram,3742
453781,,Cixi,Others,Ordinary trade,UnitedStates,UnitedStates,Xicheng,Others,,1051110,Kilogram,1018
191,,Chaoyang,Others,39,Germany,Germany,3119,Others,,29336910,Kilogram,1
1892579,,Xiangtan,Others,Ordinary trade,Australia,Australia,Shijiazhuang,Others,,26011120,Kilogram,16031840
146053,,Hangzhou,Others,Ordinary trade,Pakistan,Pakistan,Jiading,Others,,8029090,Kilogram,16053
850101,,Tanggu,Others,Ordinary trade,Canada,Canada,Beichen,Others,,12040000,Kilogram,1297905
6097,,Bijie,Others,Donation by Overseas Chinese,UnitedStates,UnitedStates,Shunyi,Others,,30039090,Kilogram,50
2,,pingu,Others,39,Germany,Germany,Luwan,Others,,73269090,Kilogram,0
1677,,Kunshan,Others,Ordinary trade,Germany,Denmark,Jingzhou,Others,,39269010,Kilogram,0
60624,,Yangzhou,Others,Ordinary trade,Singapore,Singapore,Pudong,Ecoomic & Technological Development Area,,9021090,Kilogram,1250
84671,,3118,Others,Ordinary trade,Poland,Poland,Heze,Others,,20098919,Kilogram,17820
25933,,Foshan,Others,Ordinary trade,Indonesia,Indonesia,Dezhou,Others,,70169090,Kilogram,40300
31739,,Yichang,Others,Ordinary trade,Japan,Japan,Anqing,Others,,90271000,Number of item/Set,6
2292,,Dandong,Others,Ordinary trade,Japan,Japan,Changning,Others,,52083200,Meter,385
192,,Baodi,Others,Process & assembling,Japan,Japan,Dongli,Others,,39261000,Kilogram,8
17533,,4512,Others,Ordinary trade,France,France,Huairou,Others,,72179000,Kilogram,4608
6350,,Baodi,Others,Process & assembling,Japan,Japan,Dongcheng,Others,,39232900,Kilogram,559
410,,Weifang,Others,Ordinary trade,UnitedStates,UnitedStates,Shaoxing,Others,,29121900,Kilogram,3
4620,,Dongcheng,Others,39,France,France,1191,Others,,49019900,Kilogram,165
505,,Nanjing,Others,Ordinary trade,SlovakiaRep,SlovakiaRep,Xuzhou,Others,,40169310,Kilogram,53
5550,,Dalian,Others,Ordinary trade,KoreaRep,KoreaRep,Suining,Others,,34070090,Kilogram,802
87790,,Jixi,Others,Ordinary trade,UnitedKingdom,UnitedKingdom,Chaoyang,Others,,85359000,Kilogram,310
351618,,Cixi,Others,Ordinary trade,Spain,Spain,3352,Others,,15091000,Kilogram,68449
158214,,Taicang,Others,Ordinary trade,Bangladesh,Bangladesh,Minhang,Others,,15155000,Kilogram,94080
146019,,2217,Others,Ordinary trade,UnitedStates,UnitedStates,Dongcheng,Others,,90181291,Number of item/Set,1
9364190,,Zhoushan,Others,Ordinary trade,Australia,Australia,Taiyuan,Others,,27011290,Kilogram,121000000
2388316,,Chengdu,Others,Ordinary trade,Kazakhstan,Kazakhstan,Qingdao,Others,,27101922,Kilogram,4062528
103692,,Weifang,Others,Ordinary trade,Belgium,Germany,Minhang,Others,,39202090,Kilogram,18246
569,,Dalian,Others,Ordinary trade,Japan,Japan,Hechuan,Others,,64039900,Kilogram,21
334,,Jining,Others,Ordinary trade,Japan,Japan,Kunshan,Others,,84314999,Kilogram,170
2890158,,Jiangyin,Others,Ordinary trade,Morocco,Morocco,Xinyang,Others,,26011110,Kilogram,27935000
44738,,Wuqing,Others,Ordinary trade,HongKong,Japan,Shenzhen,Special Economic Zone,,28111990,Kilogram,10250
10223,,Other,Others,Ordinary trade,Denmark,Germany,Xicheng,Others,,28444090,Gram,5
1898831,,Jiangyin,Others,Ordinary trade,Indonesia,Indonesia,Shenzhen,Special Economic Zone,,26011190,Kilogram,36071534
288,,Shenyang,Others,Ordinary trade,KoreaRep,KoreaRep,Yingkou,Others,,16010020,Kilogram,180
61500,,Yingtan,Others,Ordinary trade,Taiwanprov.,Taiwanprov.,Jiading,Others,,84563010,Number of item/Set,1
2255,,Other,Others,Ordinary trade,UnitedStates,UnitedStates,Miyun,Others,,47032100,Kilogram,671
4096,,Shenyang,Others,Ordinary trade,Sweden,Sweden,Dongguan,Others,,72255000,Kilogram,1632
271110,,Other,Others,Ordinary trade,Taiwanprov.,Taiwanprov.,Zhaoqing,Others,,39019020,Kilogram,170000
56054,,Tanggu,Others,Ordinary trade,Belgium,Belgium,Xiqing,Others,,2064900,Kilogram,49170
52622,,Shenzhen,Special Economic Zone,Ordinary trade,UnitedStates,UnitedStates,Zhenjiang,Others,,8023100,Kilogram,19724
2434,,Miyun,Others,Ordinary trade,UnitedStates,UnitedStates,Nanchang,Others,,39269090,Kilogram,27
17181,,Taicang,Others,Ordinary trade,Brazil,Brazil,3119,Others,,44072990,Cubic meter,21
403319,,Urumqi,Others,Ordinary trade,Kazakhstan,Kazakhstan,Bayin,Others,,25030000,Kilogram,3252545
20280,,Other,Others,Ordinary trade,KoreaRep,KoreaRep,Chizhou,Others,,90303900,Number of item/Set,10
3722,,Huizhou,Others,Border trade,Vietnam,Vietnam,Baise,Others,,44089029,Kilogram,33380
3036,,Taiyuan,Others,39,KoreaRep,KoreaRep,Hepin,Others,,39053000,Kilogram,2000
832,,Luwan,Others,39,Malaysia,Malaysia,Maanshang,Others,,26011110,Kilogram,40
16503,,Neijiang,Others,Ordinary trade,HongKong,CzechoRep,Shenzhen,Special Economic Zone,,27101999,Kilogram,5760
4,,Chuongming,Others,Ordinary trade,Japan,Japan,Zhabei,Others,,39262090,Kilogram,1
225,,Sanya,Special Economic Zone,39,Chile,Chile,Haidion,Others,,10051000,Kilogram,18
1890144,,Chaoyang,Others,Ordinary trade,Australia,Australia,Pudong,Ecoomic & Technological Development Area,,26140000,Kilogram,10500800
9673,,Xiangtan,Others,Ordinary trade,Italy,Italy,Liuan,Others,,83100000,Kilogram,100
44940,,Nan’an,Others,Ordinary trade,KoreaRep,KoreaRep,Hangzhou,Others,,29053990,Kilogram,28000
196271,,Shangrao,Others,Process with imported materials,UnitedKingdom,UnitedKingdom,Huzhou,Others,,52113900,Meter,18601
2055257,,Taicang,Others,Ordinary trade,SaudiArabia,SaudiArabia,4430,Others,,29053100,Kilogram,1900000
113820,,Nanning,Others,Ordinary trade,KoreaRep,KoreaRep,Jiading,Others,,38244010,Kilogram,126000
1363,,Chongwon,Others,Ordinary trade,UnitedKingdom,UnitedKingdom,Other,Others,,84199090,Kilogram,200
9463,,Other,Others,Ordinary trade,Japan,Japan,Huairou,Others,,21039090,Kilogram,2288
274525,,Other,Others,Ordinary trade,Germany,Germany,Jiangbei,Ecoomic & Technological Development Area,,84571010,Number of item/Set,1
11393518,,4513,Others,Ordinary trade,Australia,Australia,Linyi,Others,,27011290,Kilogram,137200000
5517,,Wuhu,Others,Ordinary trade,Vietnam,Vietnam,Dongli,Others,,25051000,Kilogram,40000
327,,Yubei,Ecoomic & Technological Development Area,Ordinary trade,Japan,Japan,Fangshan,Others,,39191099,Kilogram,24
9585136,,4430,Others,Ordinary trade,Kuwait,Kuwait,Wenzhou,Others,,27111200,Kilogram,11548357
81244,,Jinxi,Others,Ordinary trade,Australia,Australia,Dalian,Others,,22042100,Liter,11439
1284994,,Shunde,Others,Ordinary trade,Japan,Japan,Xiqing,Others,,84571010,Number of item/Set,17
5263,,Shunyi,Others,Ordinary trade,France,France,Yangjiang,Others,,72221100,Kilogram,11
14242693,,Yancheng,Others,Ordinary trade,Russia,Russia,Suifenhe,Others,,44032020,Cubic meter,86246
64541,,4429,Others,Ordinary trade,Iran,Iran,4451,Others,,25151100,Kilogram,403384
5374,,Other,Others,Ordinary trade,KoreaRep,KoreaRep,Changsha,Others,,84201000,Number of item/Set,1
23209,,Other,Others,Ordinary trade,HongKong,Canada,Nanhui,Others,,56031490,Kilogram,1480
1303,,Wenzhou,Others,39,Italy,Italy,Yangpu,Others,,42022100,Kilogram,2
9492,,Other,Others,Ordinary trade,India,India,Dongcheng,Others,,84483390,Kilogram,1017
1804,,Pudong,Ecoomic & Technological Development Area,Ordinary trade,Italy,Italy,Quzhou,Others,,40169910,Kilogram,288
573823,,Other,Others,Ordinary trade,Australia,Australia,Xuanwu,Others,,2044100,Kilogram,159395
2481910,,Zhenjiang,Others,Ordinary trade,Ukraine,Kazakhstan,Suzhou,Others,,25030000,Kilogram,16000000
5760,,Yuncheng,Others,Ordinary trade,Italy,Italy,Xiamen,Special Economic Zone,,22090000,Liter,17600
3397536,,Nanchang,Others,Ordinary trade,UnitedStates,UnitedStates,Xiamen,Special Economic Zone,,10059000,Kilogram,12367507
432,,Shunyi,Others,Ordinary trade,Germany,Germany,Nanpin,Others,,25010020,Kilogram,1
100300,,Honghe,Others,Ordinary trade,Vietnam,Vietnam,Hekou County,Others,,1062020,Kilogram,7876
5697855,,Ningde,Others,Ordinary trade,Indonesia,Indonesia,Guangzhou,Others,,27011290,Kilogram,67793000
20400,,Chaoyang,Others,Ordinary trade,UnitedStates,UnitedStates,Hefei,Others,,4041000,Kilogram,20000
6275330,,Nantong,Others,Ordinary trade,Indonesia,Indonesia,Baotou,Others,,27011210,Kilogram,40486000
1208320,,Huaiyin,Others,Process with imported materials,Japan,Japan,Cixi,Others,,29337100,Kilogram,512000
4750,,Liaochen,Others,Ordinary trade,HongKong,HongKong,Haidion,Hi-Technology Industry Development Area,,84148090,Number of item/Set,1
1496587,,Taizhou,Others,Ordinary trade,Indonesia,Indonesia,Tangshan,Others,,26011120,Kilogram,20072250
29,,Urumqi,Others,Ordinary trade,Netherlands,Netherlands,Suizhou,Others,,73181510,Kilogram,2
174,,Yixing,Others,39,Taiwanprov.,Taiwanprov.,Yixing,Others,,4069000,Kilogram,55
5040,,Xuzhou,Others,Ordinary trade,KoreaRep,KoreaRep,Sanming,Others,,28046900,Kilogram,8000
1804792,,Taizhou,Others,Ordinary trade,Indonesia,Indonesia,Meizhou,Others,,27021000,Kilogram,35000000
222241,,Kelamayi,Others,Ordinary trade,Germany,Germany,Pudong,Ecoomic & Technological Development Area,,29319090,Kilogram,5050
129492,,Other,Others,Ordinary trade,Singapore,Italy,Tanggu,Ecoomic & Technological Development Area,,82071990,Kilogram,261
13751032,,Holunbeir,Others,Ordinary trade,Cuba,Cuba,Dongcheng,Others,,17011400,Kilogram,26000000
7827784,,Shantou,Special Economic Zone,Ordinary trade,Indonesia,Indonesia,Xining,Others,,27011290,Kilogram,102100000
1055383,,Shenyang,Others,Ordinary trade,HongKong,Singapore,Xuanwu,Others,,24022000,In thousand,44220
137200,,Dalian,Others,Ordinary trade,Malaysia,Malaysia,Pindu,Others,,15171000,Kilogram,53195
42126,,Nanyang,Others,Ordinary trade,UnitedStates,UnitedStates,Shenzhen,Special Economic Zone,,28444090,Gram,20
2309,,Hebei,Others,Process & assembling,KoreaRep,KoreaRep,Dongli,Others,,52083900,Meter,274
19725,,Daqing,Others,Ordinary trade,Italy,Italy,Nanjin,Others,,41019019,Kilogram,24582
1104,,Yiwu,Others,Ordinary trade,UnitedArabEmirates,China,Tongxian,Others,,42023200,Kilogram,55
2860398,,Lianyungang,Others,Ordinary trade,Thailand,Thailand,Fuzhou,Others,,7141020,Kilogram,11644695
91989,,Shantou,Special Economic Zone,Ordinary trade,Taiwanprov.,Taiwanprov.,Nanhui,Others,,39202090,Kilogram,35935
4,,Taicang,Others,Ordinary trade,France,France,Chaoyang,Others,,39173200,Kilogram,0
2187000,,Taizhou,Others,Ordinary trade,Indonesia,Indonesia,Xi'an,Others,,27021000,Kilogram,54675000
10741009,,Wuhan,Others,Ordinary trade,S.Africa,S.Africa,Rizhao,Others,,26011120,Kilogram,69903255
1832,,Pudong,Ecoomic & Technological Development Area,39,UnitedStates,UnitedStates,Huangyan,Others,,33029000,Kilogram,32
215768,,Hongkou,Others,Ordinary trade,Italy,Italy,Shenzhen,Special Economic Zone,,68101910,Kilogram,227500
112016,,Mianyan,Others,Ordinary trade,Singapore,Singapore,Haidion,Others,,49070090,Kilogram,5
20608,,Jixian,Others,Ordinary trade,Turkey,Turkey,Hexi,Others,,39231000,Kilogram,2989
8245,,Changpin,Others,Ordinary trade,UnitedStates,UnitedStates,Daxing,Others,,29212900,Kilogram,110
4597820,,Tongjiang,Others,Ordinary trade,Indonesia,Indonesia,Shantou,Special Economic Zone,,27011900,Kilogram,48444000
98610,,Other,Others,Ordinary trade,Japan,Japan,Nanhai,Others,,40169990,Kilogram,18978
2795,,Dezhou,Others,Ordinary trade,India,India,Jinan,Others,,10051000,Kilogram,200
51977,,Jiaxing,Others,Ordinary trade,Japan,Japan,Yichung,Others,,39151000,Kilogram,54000
742316,,Nan’an,Ecoomic & Technological Development Area,Ordinary trade,Singapore,CzechoRep,Xuanwu,Others,,85176229,Number of item/Set,12
4819,,Hami,Others,Ordinary trade,Germany,Germany,Zhengzhou,Others,,27101999,Kilogram,69
350262,,Nankai,Hi-Technology Industry Development Area,Ordinary trade,Germany,Germany,Foshan,Others,,84423021,Number of item/Set,3
4339,,Nanning,Others,Ordinary trade,Japan,Japan,Xiaogan,Others,,85234920,Number of item/Set,1
77409,,Changning,Others,Ordinary trade,Australia,Australia,Tanggu,Ecoomic & Technological Development Area,,48041100,Kilogram,124896
4602,,Jian,Others,Process & assembling,Taiwanprov.,KoreaRep,Jian,Others,,27101230,Kilogram,3173
12036,,Xiamen,Special Economic Zone,Ordinary trade,Indonesia,Indonesia,3752,Others,,5080090,Kilogram,24000
209904,,Huixian,Others,Ordinary trade,Cameroon,Cameroon,Changzhou,Others,,52010000,Kilogram,98665
113944,,Other,Others,Ordinary trade,HongKong,HongKong,Yangpu,Others,,43021990,Kilogram,443
70809148,,Jieyang,Others,Ordinary trade,Indonesia,Indonesia,Guangzhou,Others,,27011290,Kilogram,805800000
4800,,Yanqing,Others,Ordinary trade,Spain,Spain,Yanqing,Others,,4090000,Kilogram,660
61916,,Zhabei,Others,Ordinary trade,KoreaRep,KoreaRep,Xiamen,Special Economic Zone,,39206200,Kilogram,5977
8184,,Pudong,Ecoomic & Technological Development Area,Ordinary trade,Netherlands,Netherlands,Dadukou,Others,,39079100,Kilogram,1290
12876,,Other,Special Economic Zone,Ordinary trade,Mozambique,Mozambique,Jinan,Others,,26140000,Kilogram,50000
25013,,Miluo,Others,Ordinary trade,UnitedKingdom,UnitedKingdom,Changsha,Others,,39151000,Kilogram,33700
9580,,Nanpin,Others,Ordinary trade,Japan,China,Nanpin,Others,,7129010,Kilogram,2729
307553,,Hangzhou,Others,Ordinary trade,Australia,Australia,Zhangjiagang,Others,,51011100,Kilogram,26651
6650,,Taian,Others,Process with imported materials,Japan,Japan,Weihai,Others,,96062200,Kilogram,71
313810,,Wuhan,Ecoomic & Technological Development Area,Ordinary trade,Singapore,SaudiArabia,Yangpu,Others,,39012000,Kilogram,198000
85320,,Taicang,Others,Ordinary trade,KoreaRep,KoreaRep,Changji,Others,,39012000,Kilogram,54000
29052,,Hunchun,Others,Process with imported materials,"Korea,DPR","Korea,DPR",Yantai,Ecoomic & Technological Development Area,,3074900,Kilogram,23640
2146592,,Changzhou,Others,Ordinary trade,Japan,Japan,Linyi,Others,,29032100,Kilogram,2608253
18044,,Manzhouli,Others,Border trade,Mongolia,Mongolia,Manzhouli,Others,,3036600,Kilogram,13880
1128,,Lianyungang,Others,Ordinary trade,KoreaRep,KoreaRep,Nanning,Others,,84099199,Kilogram,23
1056524,,Zhaoqing,Others,Ordinary trade,Greece,Greece,Dongcheng,Others,,52010000,Kilogram,492788
1712,,3118,Others,Ordinary trade,UnitedStates,UnitedStates,Guangzhou,Others,,11081200,Kilogram,340
214,,Putuo,Others,Ordinary trade,Japan,Japan,3752,Others,,39233000,Kilogram,4
233,,Haining,Others,Ordinary trade,Italy,Italy,Nanning,Others,,39232100,Kilogram,5
77000,,3119,Others,Ordinary trade,KoreaRep,KoreaRep,Jiading,Others,,29336990,Kilogram,20000
4515190,,Dongguan,Others,Ordinary trade,NewZealand,NewZealand,Zhangzhou,Others,,44032030,Cubic meter,29310
41333,,Yubei,Ecoomic & Technological Development Area,Ordinary trade,Thailand,Thailand,Dongguan,Others,,39019020,Kilogram,24750
12485,,Changsha,Others,Border trade,Vietnam,Vietnam,Baise,Others,,8109080,Kilogram,18801
1387224,,Tongling,Others,Ordinary trade,Vietnam,Vietnam,Jiangyin,Others,,26140000,Kilogram,4950000
2105797,,Jiangyin,Others,Ordinary trade,Malaysia,Malaysia,Pudong,Ecoomic & Technological Development Area,,26011120,Kilogram,18649000
493,,Dongcheng,Others,Ordinary trade,HongKong,China,Putuo,Others,,39262090,Kilogram,5
1290,,Changsha,Others,Ordinary trade,France,France,Qingpu,Others,,39173900,Kilogram,52
346627,,Shunde,Others,Ordinary trade,CostaRica,CostaRica,Nanhai,Others,,6021000,Number of item/Set,345600
274000,,Taizhou,Others,Ordinary trade,Sweden,Sweden,Changning,Others,,47031100,Kilogram,400000
1941078,,Zhanjiang,Others,Ordinary trade,Canada,Canada,Xiamen,Special Economic Zone,,10011900,Kilogram,5250000
209,,Xining,Ecoomic & Technological Development Area,39,UnitedStates,UnitedStates,Qingdao,Others,,32141090,Kilogram,5
655436,,Jiamusi,Others,Border trade,Russia,Russia,Fujin,Others,,44032020,Cubic meter,5959
346,,Daxing,Others,Ordinary trade,Japan,Japan,pingu,Others,,30059010,Kilogram,1
110,,Haining,Others,Ordinary trade,Singapore,Singapore,Changning,Others,,32021000,Kilogram,50
40246278,,Liaoyang,Others,Ordinary trade,Indonesia,Indonesia,Liaoyang,Others,,15132900,Kilogram,47690943
419045,,4516,Others,Ordinary trade,Taiwanprov.,Taiwanprov.,4453,Special Economic Zone,,84742090,Number of item/Set,1
217,,Shenzhen,Special Economic Zone,Ordinary trade,HongKong,France,Zhuzhou,Hi-Technology Industry Development Area,,34039900,Kilogram,16
189297,,Wuwei,Others,Ordinary trade,UnitedStates,UnitedStates,Shenzhen,Special Economic Zone,,10011900,Kilogram,500000
301,,Xicheng,Others,Ordinary trade,UnitedStates,UnitedStates,Shenzhen,Special Economic Zone,,39172100,Kilogram,0
945,,Other,Others,39,Turkey,China,Nanchang,Others,,95066210,Number of item/Set,200
2910,,Xicheng,Others,Ordinary trade,Singapore,Singapore,Bayin,Others,,40169390,Kilogram,1
235575,,Baoshan,Others,Ordinary trade,S.Africa,S.Africa,Nanhai,Others,,39094000,Kilogram,135000
11004531,,Huizhou,Others,Ordinary trade,Singapore,Singapore,Changsha,Others,,27075000,Kilogram,10156776
811755,,Wendeng,Others,Process with imported materials,Spain,Spain,Wendeng,Others,,2032900,Kilogram,242671
283,,Zhangye,Others,39,France,France,Lanzhou,Others,,12077010,Kilogram,0
172915,,Jinghai,Others,Ordinary trade,Australia,Australia,Jinghai,Others,,2044300,Kilogram,53638
2966430,,Zhuhai,Special Economic Zone,Ordinary trade,Germany,Germany,Chaoyang,Others,,12102000,Kilogram,468745
14167184,,Yancheng,Others,Ordinary trade,Australia,Australia,Dongcheng,Others,,10039000,Kilogram,43152000
16041,,Suzhou,Others,Ordinary trade,Australia,Australia,Qingdao,Others,,22042100,Liter,1152
2676,,Shaoxing,Others,Process with imported materials,HongKong,China,Zhangjiagang,Others,,85437099,Number of item/Set,1568
931,,Changning,Others,Process & assembling,KoreaRep,KoreaRep,Taizhou,Others,,50072019,Meter,243
14647,,Foshan,Others,Ordinary trade,HongKong,HongKong,4453,Special Economic Zone,,21039010,Kilogram,7308
3321812,,Taicang,Others,Ordinary trade,Canada,Canada,Hefei,Others,,44032020,Cubic meter,17068
3589,,Wuhan,Others,Ordinary trade,Taiwanprov.,Taiwanprov.,4451,Others,,22029000,Liter,151
14700,,Anshan,Others,Ordinary trade,Singapore,UnitedStates,Changpin,Others,,90278099,Number of item/Set,1
495000,,Xining,Others,Ordinary trade,Kazakhstan,Kazakhstan,Bole,Others,,10019900,Kilogram,1980000
63000,,Qitaiher,Others,Border trade,Russia,Russia,Suifenhe,Others,,27011210,Kilogram,630000
6,,Yuzhong,Others,Ordinary trade,Philippines,Philippines,4453,Special Economic Zone,,83012090,Kilogram,1
147719,,Dongli,Others,Ordinary trade,UnitedStates,UnitedStates,Shantou,Special Economic Zone,,84031090,Number of item/Set,27
67514,,Peiling,Others,Ordinary trade,UnitedStates,UnitedStates,Danyang,Others,,76020000,Kilogram,39134
57766,,Zhuji,Others,Ordinary trade,India,India,Xuancheng,Others,,52051200,Kilogram,20412
40465,,Liuan,Others,Ordinary trade,HongKong,Denmark,Chaoyang,Others,,85432010,Number of item/Set,1
171681,,Hangzhou,Others,Ordinary trade,NewZealand,NewZealand,Hongkou,Others,,4022100,Kilogram,50800
11268343,,Huangshan,Others,Ordinary trade,Japan,Japan,3352,Others,,74040000,Kilogram,2221119
1376,,Zhuzhou,Others,Ordinary trade,Italy,Italy,Shenzhen,Special Economic Zone,,81019910,Kilogram,8
3763,,Hongkou,Others,Ordinary trade,France,France,Haidion,Others,,85364110,Number of item/Set,36
150,,Guangzhou,Others,Ordinary trade,UnitedStates,UnitedStates,Fuyang,Others,,29011000,Kilogram,3
1035556,,Quanzhou,Others,Ordinary trade,Turkey,Turkey,Shaoxing,Others,,25151200,Kilogram,4181590
100036,,Shenzhen,Special Economic Zone,Ordinary trade,KoreaRep,KoreaRep,Dongyang,Others,,39219090,Kilogram,16270
8695,,Guangzhou,Others,Ordinary trade,Italy,Italy,Shijingshan,Others,,42021110,Kilogram,45
23791447,,Other,Others,Ordinary trade,Philippines,Philippines,Xingtai,Others,,26011110,Kilogram,272800000
151556,,Zhuhai,Special Economic Zone,Ordinary trade,Japan,Japan,Guangzhou,Others,,1061211,Kilogram,236
8320,,Other,Others,Ordinary trade,Taiwanprov.,Taiwanprov.,Hexi,Others,,25199091,Kilogram,8000
512,,Shantou,Special Economic Zone,Ordinary trade,Norway,China,Taiyuan,Others,,39235000,Kilogram,300
692072,,Loudi,Others,Ordinary trade,UnitedStates,UnitedStates,Fuzhou,Others,,90181291,Number of item/Set,4
28886,,Luwan,Others,Ordinary trade,Thailand,Thailand,3352,Others,,44079990,Cubic meter,60
62206,,Changchun,Others,Ordinary trade,Thailand,Thailand,Changzhou,Others,,84601900,Number of item/Set,2
66410,,Chaoyang,Others,Ordinary trade,Egypt,Egypt,Yixing,Others,,25151200,Kilogram,500000
22200,,Other,Others,Ordinary trade,Bangladesh,Bangladesh,Kunming,Others,,44029000,Kilogram,37000
27730,,Liuzhou,Others,Ordinary trade,HongKong,UnitedStates,Nanjing,Others,,84131900,Number of item/Set,2
1965,,Putuo,Others,Ordinary trade,KoreaRep,KoreaRep,Chongde,Others,,85043110,Number of item/Set,80
11754,,Kunshan,Others,Ordinary trade,UnitedStates,UnitedStates,Jime,Others,,84224000,Number of item/Set,1
86888,,Dongxing County,Others,Border trade,Vietnam,Vietnam,Pingxiang,Others,,1062090,Kilogram,15280
117,,Panyu,Others,Ordinary trade,HongKong,China,Shaoguan,Others,,34011990,Kilogram,4
469652,,Chaozhou,Others,39,Taiwanprov.,Taiwanprov.,Guangzhou,Others,,3019999,Kilogram,107460
9534,,Tanggu,Others,Ordinary trade,Indonesia,Indonesia,Wuhai,Others,,26100000,Kilogram,40911
154320,,Qingyuan,Others,Ordinary trade,India,India,3119,Others,,28049090,Kilogram,2001
1308,,Danyang,Others,Ordinary trade,Japan,Japan,Jiaxing,Others,,38249099,Kilogram,8
33,,Chengdu,Others,Ordinary trade,Germany,Germany,Jiulongpo,Hi-Technology Industry Development Area,,27101991,Kilogram,2
3780,,Shijiazhuang,Others,Ordinary trade,Thailand,Thailand,Baoding,Others,,32100000,Kilogram,900
219000,,Urumqi,Others,Ordinary trade,UnitedKingdom,UnitedKingdom,Hexi,Others,,90121000,Number of item/Set,1
7971,,Suining,Others,Ordinary trade,Germany,Germany,Shunyi,Others,,84146090,Number of item/Set,50
223404,,Hangzhou,Others,Ordinary trade,France,France,Yuyao,Others,,22042100,Liter,54000
11207361,,Zhangzhou,Others,Ordinary trade,Brazil,Brazil,Nanning,Others,,17011400,Kilogram,27326000
33941,,Shenzhen,Special Economic Zone,Ordinary trade,Ukraine,Ukraine,Zhangzhou,Others,,44032010,Cubic meter,295
9730,,Linyi,Others,Ordinary trade,Belgium,Germany,Suxian,Others,,44039200,Cubic meter,43
1100,,Xiangtan,Others,39,Japan,Japan,Wuhan,Others,,39173200,Kilogram,7
21856,,Xiqing,Others,Ordinary trade,Taiwanprov.,Taiwanprov.,Changning,Others,,32099010,Kilogram,9490
40000,,Wafangdian,Others,Process with imported materials,India,India,4430,Others,,84137099,Number of item/Set,2
43456,,Taizhou,Others,Ordinary trade,Cameroon,Cameroon,Tongxian,Others,,44039990,Cubic meter,113
201,,Jime,Others,39,Philippines,Philippines,Yantai,Others,,72112300,Kilogram,177
1371848,,Liuzhou,Others,Ordinary trade,Malaysia,Malaysia,Nanning,Others,,26011120,Kilogram,21049650
103985,,Other,Others,Ordinary trade,Germany,Germany,Shunyi,Others,,84021900,Number of item/Set,3
3,,Hangzhou,Others,Ordinary trade,UnitedStates,UnitedStates,Shijiazhuang,Others,,39191091,Kilogram,0
9823,,Shantou,Special Economic Zone,Process with imported materials,HongKong,UnitedArabEmirates,Wujiang,Others,,70052900,Kilogram,18663
383065,,Guiyang,Others,Ordinary trade,Bangladesh,Bangladesh,Huizhou,Others,,53031000,Kilogram,798053
51000,,Nanhui,Others,Ordinary trade,India,India,Changning,Others,,20089990,Kilogram,37200
67,,3118,Others,39,Denmark,Denmark,Wenzhou,Others,,39262090,Kilogram,2
2977,,Xiaoshen,Others,Ordinary trade,Taiwanprov.,Japan,Taicang,Others,,85045000,Number of item/Set,2000
472236,,Shunyi,Others,Warehousing trade,UnitedStates,UnitedStates,Jiayuguan,Others,,22042100,Liter,7189
21747737,,4516,Others,Ordinary trade,Australia,Australia,Dalian,Hi-Technology Industry Development Area,,27011290,Kilogram,245800000
1016,,4453,Special Economic Zone,Ordinary trade,UnitedStates,China,Changde,Others,,73269090,Kilogram,3
1500,,Pingxiang,Others,Ordinary trade,Canada,Belgium,Pingxiang,Others,,28049090,Kilogram,25
484,,Huizhou,Others,Ordinary trade,Italy,Italy,Changzhi,Others,,95051000,Kilogram,40
88427,,Other,Others,Ordinary trade,NewZealand,NewZealand,Shenyang,Hi-Technology Industry Development Area,,15021000,Kilogram,116772
87505,,Minhang,Ecoomic & Technological Development Area,Process with imported materials,Pakistan,Pakistan,Nanshi,Others,,41079200,Kilogram,3208
25630,,Zhanjiang,Others,Ordinary trade,HongKong,India,Meizhou,Others,,41071990,Kilogram,3100
7031074,,Pudong,Ecoomic & Technological Development Area,Ordinary trade,NewZealand,NewZealand,4453,Others,,8105000,Kilogram,2608598
10921,,Wuhan,Others,Process & assembling,Japan,Japan,Yuzhong,Others,,38140000,Kilogram,403
2739,,Xiangfan,Others,Ordinary trade,UnitedKingdom,UnitedKingdom,Dongcheng,Others,,39269090,Kilogram,5
209191,,Shashi,Others,Ordinary trade,India,India,Changzhou,Others,,52010000,Kilogram,100945
1588873,,Other,Others,Ordinary trade,Peru,Peru,Fuzhou,Export Processing Zone,,15042000,Kilogram,536990
3970179,,Shanwei,Others,Ordinary trade,UnitedStates,UnitedStates,Chaoyang,Others,,10019900,Kilogram,12492980
88901,,Hedong,Others,Ordinary trade,Japan,Japan,Fengtai,Others,,84271090,Number of item/Set,2
1359266,,Huangshan,Others,Ordinary trade,UnitedStates,UnitedStates,Haidion,Others,,1051110,Kilogram,3000
604092,,Ningbo,Others,Ordinary trade,UnitedStates,UnitedStates,Jinzhou,Others,,27131190,Kilogram,5318531
1122573,,Tanggu,Others,Ordinary trade,UnitedStates,UnitedStates,Changning,Others,,12149000,Kilogram,3002053
670101,,Jiaxing,Others,Ordinary trade,Malaysia,Malaysia,5127,Others,,38249099,Kilogram,494540
9128,,5129,Others,Ordinary trade,India,India,Hangzhou,Others,,12119039,Kilogram,24500
2400,,Dianjiang,Others,Ordinary trade,Japan,Japan,Banan,Others,,87082990,Kilogram,130
3746278,,Qingzhou,Others,Warehousing trade,India,India,Urumqi,Others,,52010000,Kilogram,1969053
1286,,Zhuji,Others,39,Indonesia,China,Nanhui,Others,,71171900,Kilogram,90
11663741,,Yancheng,Others,Ordinary trade,Indonesia,Indonesia,Jiangyin,Others,,26040000,Kilogram,171500000
888,,Yangzhou,Others,Ordinary trade,KoreaRep,KoreaRep,Heihe,Others,,84314999,Kilogram,2260
21600,,Qidong,Others,Process with imported materials,Germany,Germany,Changning,Others,,35069120,Kilogram,2032
12888,,Quanzhou,Others,Ordinary trade,Mexico,Mexico,Wuqing,Others,,25151100,Kilogram,46030
98,,Luoyang,Others,Ordinary trade,Netherlands,Germany,Shenzhen,Special Economic Zone,,38249099,Kilogram,10
1292,,Kunming,Others,39,Sweden,Sweden,Jiading,Others,,85371011,Number of item/Set,4
101966,,Other,Others,Ordinary trade,Uruguay,Uruguay,Jiangyin,Others,,51011100,Kilogram,19059
152,,Guangzhou,Others,Ordinary trade,Venezuela,Venezuela,Zigong,Others,,42021290,Kilogram,13
6419,,Nanjing,Others,Ordinary trade,Fiji,Fiji,Shangrao,Others,,26030000,Kilogram,510
66514,,Harbin,Others,Ordinary trade,Japan,Japan,Jiulongpo,Others,,84099999,Kilogram,6632
56,,Jining,Others,Ordinary trade,Japan,Japan,Hexi,Others,,39269010,Kilogram,6
230,,Luwan,Others,39,Japan,Japan,Ningbo,Others,,48211000,Kilogram,12
8765250,,Yueyang,Others,Ordinary trade,Argentina,Argentina,Pudong,Ecoomic & Technological Development Area,,12019010,Kilogram,15000000
10615,,Nanhui,Others,Ordinary trade,HongKong,China,Huangpu,Others,,21069090,Kilogram,102600
24662,,Xiamen,Special Economic Zone,Ordinary trade,Indonesia,Indonesia,Qingdao,Others,,12122161,Kilogram,40980
3778959,,Nantong,Others,Warehousing trade,KoreaRep,KoreaRep,Suifenhe,Others,,27073000,Kilogram,3011123
195585,,Xinxiang,Others,Ordinary trade,UnitedStates,UnitedStates,Fuzhou,Others,,90181291,Number of item/Set,1
40721,,Hongkou,Others,Ordinary trade,Mozambique,Mozambique,Fuzhou,Others,,44039990,Cubic meter,75
359277,,Langfang,Others,Ordinary trade,Taiwanprov.,Taiwanprov.,Minhang,Others,,84621010,Number of item/Set,1
1409,,Maoming,Others,Ordinary trade,Taiwanprov.,Taiwanprov.,Shenzhen,Others,,39206200,Kilogram,200
7804,,Hanzhong,Others,Process with imported materials,UnitedKingdom,UnitedKingdom,Dongcheng,Others,,72221100,Kilogram,1924
1072891,,Other,Others,Ordinary trade,Indonesia,Indonesia,Xiangtan,Others,,26190000,Kilogram,7126000
110396,,Xuanwu,Others,Ordinary trade,Germany,Austria,Kunshan,Others,,44071090,Cubic meter,479
416,,Laohekou,Others,39,Austria,Austria,Wuhan,Others,,49119910,Kilogram,40
84200,,Daqing,Others,Ordinary trade,UnitedKingdom,UnitedKingdom,Haidion,Hi-Technology Industry Development Area,,40169390,Kilogram,31
2141929,,Erenhot,Others,Border trade,Russia,Russia,Tongjiang,Others,,27101991,Kilogram,2456727
5691673,,Changshu,Others,Ordinary trade,India,India,Xuanwu,Others,,26011120,Kilogram,51679550
2835,,Minhang,Others,39,KoreaRep,KoreaRep,Shangrao,Others,,42022100,Kilogram,205
2,,Hefei,Others,39,Japan,Japan,4451,Others,,73181590,Kilogram,0
14640,,Baoshan,Others,Ordinary trade,Morocco,Morocco,Hangzhou,Others,,12119050,Kilogram,7025
558,,Other,Others,39,Japan,Japan,Chaoyang,Others,,38160000,Kilogram,30
621,,Huaihua,Others,Ordinary trade,Switzerland,UnitedStates,4453,Special Economic Zone,,40169990,Kilogram,9
435,,Other,Others,39,Italy,Italy,Miyun,Others,,84807190,Number of item/Set,2
21504,,Yueyang,Others,Ordinary trade,Indonesia,Indonesia,Dongguan,Others,,14049090,Kilogram,134000
24765,,Nanhui,Others,Ordinary trade,Germany,Germany,Yixing,Others,,38119000,Kilogram,2922
11728519,,Other,Special Economic Zone,Ordinary trade,Indonesia,Indonesia,Chaozhou,Others,,27011290,Kilogram,177200000
94,,Wuhu,Ecoomic & Technological Development Area,Ordinary trade,Japan,Japan,Putuo,Others,,29212900,Kilogram,0
396800,,Mianyan,Others,Ordinary trade,Thailand,Thailand,Pudong,Ecoomic & Technological Development Area,,39074000,Kilogram,160000
3102,,Taiyuan,Others,Ordinary trade,Germany,Romania,Tongxian,Others,,85365000,Number of item/Set,70
453577,,Dalian,Others,Ordinary trade,Australia,Australia,Hexi,Others,,2022000,Kilogram,108186
1815504,,Zhoushan,Others,Ordinary trade,Australia,Australia,3118,Others,,26011110,Kilogram,12747000
2948,,Xingtai,Others,Ordinary trade,Canada,Canada,Qingdao,Ecoomic & Technological Development Area,,4090000,Kilogram,660
244557,,Qingpu,Others,Ordinary trade,Philippines,Philippines,Heze,Others,,8039000,Kilogram,420420
193,,Shijiazhuang,Others,39,Ireland,Ireland,Zhuhai,Special Economic Zone,,29420000,Kilogram,0
634748,,Hongkou,Others,Ordinary trade,UnitedArabEmirates,UnitedArabEmirates,Ningbo,Others,,39012000,Kilogram,459831
1800,,Zhuhai,Special Economic Zone,Ordinary trade,Japan,Japan,Changning,Others,,39123900,Kilogram,60
85200,,Dujiangyan,Others,Ordinary trade,India,India,Wuxi,Others,,84749000,Kilogram,15940
22197,,Yongchuan,Others,Ordinary trade,Belgium,Belgium,Tanggu,Bonded Area,,47071000,Kilogram,66260
2895,,Other,Others,Ordinary trade,Germany,Germany,Changpin,Hi-Technology Industry Development Area,,39172100,Kilogram,39
1523675,,Zhenjiang,Others,Ordinary trade,Taiwanprov.,Taiwanprov.,Daqing,Hi-Technology Industry Development Area,,27131190,Kilogram,13614205
43135,,Pudong,Ecoomic & Technological Development Area,Ordinary trade,France,France,Deyang,Others,,32099010,Kilogram,2833
1381218,,Foshan,Others,Ordinary trade,Thailand,Thailand,Beichen,Others,,44079990,Cubic meter,3207
295955,,Dongguan,Others,Ordinary trade,SlovakiaRep,SlovakiaRep,Langfang,Others,,60053100,Meter,28865
176329,,Zhangjiakou,Others,Process with imported materials,Australia,Australia,Zhangjiakou,Others,,2023000,Kilogram,27989
82320,,Yichung,Others,Ordinary trade,Thailand,Thailand,Yichung,Others,,5051000,Kilogram,64151
36161,,Wuhan,Others,Ordinary trade,Spain,Spain,Suzhou,Others,,69089000,Kilogram,67695
10014,,Foshan,Others,Ordinary trade,HongKong,Taiwanprov.,4469,Others,,34022090,Kilogram,5249
2071,,Hebei,Others,39,Germany,Germany,Nanhui,Others,,39269010,Kilogram,82
6270,,Dandong,Others,Ordinary trade,Malaysia,China,Hefei,Others,,73269010,Kilogram,6600
429179,,Kunming,Others,Ordinary trade,UnitedStates,UnitedStates,Xiamen,Special Economic Zone,,10059000,Kilogram,1500000
19360,,Dongcheng,Others,Ordinary trade,HongKong,China,Yanqing,Others,,85319010,Kilogram,1381
768,,Chizhou,Others,Ordinary trade,UnitedStates,UnitedStates,Jinhua,Others,,44219090,Kilogram,75
145938,,Zhenjiang,Others,Ordinary trade,Belgium,Germany,Jinan,Others,,22030000,Liter,86852
29371,,Jiaozhou,Others,Ordinary trade,KoreaRep,KoreaRep,Jime,Others,,54074200,Meter,9688
37858,,Qingdao,Others,Ordinary trade,Australia,Australia,Zhangjiagang,Bonded Area,,22042100,Liter,10584
89024,,Taizhou,Others,Ordinary trade,Japan,Japan,Kunshan,Others,,40021913,Kilogram,19200
5375,,Pudong,Ecoomic & Technological Development Area,Ordinary trade,Japan,Japan,Jingan,Others,,9012100,Kilogram,218
1559,,Huzhou,Others,39,Italy,Italy,Ningbo,Others,,48211000,Kilogram,26
106983,,Other,Others,Ordinary trade,Australia,Australia,Shijiazhuang,Others,,2013000,Kilogram,22363
16125,,Chaoyang,Others,Ordinary trade,France,France,Haikou,Special Economic Zone,,16022000,Kilogram,131
44643007,,Shangqiu,Others,Ordinary trade,Australia,Australia,Shenzhen,Special Economic Zone,,28182000,Kilogram,125500000
180000,,Zhangjiakou,Others,Ordinary trade,Japan,Japan,Chongwon,Others,,90221400,Number of item/Set,1
840000,,Pingxiang,Others,Ordinary trade,Japan,Japan,Hangzhou,Others,,84431313,Number of item/Set,1
3166,,Jining,Others,Ordinary trade,Japan,Japan,Haidion,Others,,73181590,Kilogram,310
5927,,Zhoushan,Others,Ordinary trade,Japan,Japan,Yubei,Ecoomic & Technological Development Area,,72259200,Kilogram,1352
297049,,Foshan,Others,Ordinary trade,Japan,Japan,Nan’an,Others,,32091000,Kilogram,111800
561327,,Jiangmen,Others,Ordinary trade,Indonesia,Indonesia,Zhuhai,Special Economic Zone,,15200000,Kilogram,2569380
877732,,Zhenjiang,Others,Ordinary trade,India,India,Fuzhou,Others,,26140000,Kilogram,4032000
30899,,Ruian,Others,Ordinary trade,Italy,Italy,Ningbo,Bonded Area,,22042100,Liter,13500
19850,,Wujiang,Others,Process with imported materials,KoreaRep,KoreaRep,Hangzhou,Others,,60063200,Meter,3970
1174336,,Zhuchen,Others,Process & assembling,KoreaRep,KoreaRep,Qingdao,Others,,3074900,Kilogram,601073
15796,,Suzhou,Others,Process with imported materials,KoreaRep,KoreaRep,Huzhou,Others,,60041030,Meter,8253
24050,,Chaoyang,Others,Process with imported materials,Germany,Germany,Changshu,Others,,40169310,Kilogram,82
14908930,,Yangjiang,Others,Ordinary trade,Indonesia,Indonesia,Guangzhou,Others,,26040000,Kilogram,210800000
1435,,Fuzhou,Others,Ordinary trade,Germany,Germany,Hongkou,Others,,84242000,Number of item/Set,1
